Time_UTC_Chile,Los_Tilos,San_Antonio_de_Naltahua,San_Pedro_de_Melipilla,Carmen_Rosa
01/01/15,55.5,62.5,57.2,#N/A
01/02/15,57.8,59.7,58.9,#N/A
01/03/15,56.2,64.8,70.3,#N/A
01/04/15,62,69.4,73.5,#N/A
01/05/15,65.3,69.2,70.2,74.0833333333333
01/06/15,67.8,69.6,66.2,72.0833333333333
01/07/15,69.8,67.6,70,71.6458333333333
01/08/15,56.6,59.2,63.2,58.375
01/09/15,55.8,58.8,55.8,56.8181818181818
01/10/15,62.5,67.9,71.8,#N/A
01/11/15,61.6,63.7,64.2,#N/A
01/12/15,64.4,66.4,70.2,#N/A
01/13/15,64.2,66.2,67,#N/A
01/14/15,59.8,65.8,67.3,#N/A
01/15/15,65.8,72,71.4,#N/A
01/16/15,66.6,72.8,72.5,#N/A
01/17/15,68.9,75.6,78,#N/A
01/18/15,78.2,78.6,78.8,#N/A
01/19/15,74.6,74.6,73.2,#N/A
01/20/15,70.8,72.9,75.4,#N/A
01/21/15,72.7,74.6,76,#N/A
01/22/15,68.7,71,71.9,#N/A
01/23/15,65.4,69.9,70.1,#N/A
01/24/15,61.4,66.2,71,#N/A
01/25/15,64.2,69.6,70.4,#N/A
01/26/15,65.8,66.8,62.4,#N/A
01/27/15,64.8,67.3,67.1,#N/A
01/28/15,59.9,64.6,66.2,#N/A
01/29/15,62.8,67.4,70.4,#N/A
01/30/15,66.1,70.7,71.6,#N/A
01/31/15,63.1,65.6,65.8,#N/A
02/01/15,59.4,64.7,71,#N/A
02/02/15,61.4,68.3,72.1,#N/A
02/03/15,63.7,69,68.8,#N/A
02/04/15,62,65.6,69.8,#N/A
02/05/15,66.2,71.6,75.6,#N/A
02/06/15,63.7,67.2,72,#N/A
02/07/15,65.4,70.4,75.6,#N/A
02/08/15,63.6,66.7,69.2,#N/A
02/09/15,68.7,66.2,61,#N/A
02/10/15,59.6,59.8,53.4,#N/A
02/11/15,58.4,57.6,55.2,#N/A
02/12/15,57,54.3,53.7,#N/A
02/13/15,54.2,57.7,57.5,#N/A
02/14/15,61.2,66.6,74.9,#N/A
02/15/15,65.6,70.6,74.6,#N/A
02/16/15,66,72.2,74.6,#N/A
02/17/15,62.4,67.6,72,#N/A
02/18/15,60.6,59,55,#N/A
02/19/15,61,63.9,61.6,#N/A
02/20/15,66.8,66,63.8,#N/A
02/21/15,67.1,68.8,69.6,#N/A
02/22/15,65.2,68.9,70.6,#N/A
02/23/15,66.4,72.5,75,#N/A
02/24/15,79.1,80.6,78.8,#N/A
02/25/15,63.6,65.4,65.8,#N/A
02/26/15,72.1,66.5,71.5,#N/A
02/27/15,66.1,63.3,65.2,#N/A
02/28/15,71.3,70.8,72,#N/A
03/01/15,63.7,66.4,66.2,#N/A
03/02/15,68.6,70.9,70.2,#N/A
03/03/15,65.1,68.4,68.1,#N/A
03/04/15,63.2,68.1,68.6,#N/A
03/05/15,62.8,65,62.4,#N/A
03/06/15,63.5,70.8,75.3,#N/A
03/07/15,67.4,69.1,63.8,#N/A
03/08/15,61.4,67.4,65.6,#N/A
03/09/15,58.8,66.2,65,#N/A
03/10/15,57.7,63.3,62.9,#N/A
03/11/15,57.9,65,66.4,#N/A
03/12/15,62.6,66.8,67.6,#N/A
03/13/15,58.2,59.2,56.4,#N/A
03/14/15,52,57.2,48.7,#N/A
03/15/15,50.7,55,50.2,#N/A
03/16/15,51.2,60.1,63.4,#N/A
03/17/15,57.6,65.2,69.4,#N/A
03/18/15,55.4,60.8,72.6,#N/A
03/19/15,62,69.4,69,#N/A
03/20/15,54.5,61.6,58.6,#N/A
03/21/15,60,71.4,78.6,#N/A
03/22/15,69.6,75.3,76.8,#N/A
03/23/15,80.3,79.2,77,#N/A
03/24/15,82.4,83.5,74,#N/A
03/25/15,75.6,78.9,76.1,#N/A
03/26/15,69.4,73.4,59.4,84.8958333333333
03/27/15,61,64.5,62,69.5208333333333
03/28/15,62.4,65.6,59.4,63.2291666666667
03/29/15,66.5,65.8,58.2,66.7083333333333
03/30/15,65.4,69.6,62.4,71.2708333333333
03/31/15,61.1,63.8,58,67.2916666666667
04/01/15,59.3,60.8,51.8,60.7708333333333
04/02/15,57.8,62,56.6,62.8541666666667
04/03/15,62.3,70.2,75.2,72.1875
04/04/15,68.2,68.8,66.9,73.0625
04/05/15,60.2,65.7,64.4,67.9375
04/06/15,65.6,76.2,76.2,83.0833333333333
04/07/15,74.9,74.3,72.5,81.7916666666667
04/08/15,65.4,66.6,66.8,72.3333333333333
04/09/15,60.3,65.4,60.8,65.0208333333333
04/10/15,52.4,61,53.5,52.5833333333333
04/11/15,59.8,67.2,71.8,66.125
04/12/15,61.9,75,79.4,77.0833333333333
04/13/15,71.1,76,73.6,81.4583333333333
04/14/15,70.8,70.6,66.6,75.9166666666667
04/15/15,74.4,72.6,65.2,72.8333333333333
04/16/15,65.5,63.2,60.2,68.6041666666667
04/17/15,60.6,63.8,57.9,65.7916666666667
04/18/15,54.6,65.8,59.9,67.0416666666667
04/19/15,68.8,73.8,78.6,78.4375
04/20/15,68.6,72.4,72.6,79.1041666666667
04/21/15,68.5,72.6,71,75.3541666666667
04/22/15,59.8,67.2,65.2,70.1875
04/23/15,53.6,60.6,62.8,61.2083333333333
04/24/15,52.5,68.6,71.8,68.7708333333333
04/25/15,68,75.7,80.1,81.125
04/26/15,71.3,73.1,71,82.8333333333333
04/27/15,65,70.8,74.1,75.9375
04/28/15,59.3,66.8,63.8,69.0208333333333
04/29/15,55.4,65.6,62.3,66.2916666666667
04/30/15,56.1,64.8,58.9,65.5
05/01/15,64,72.7,66,74.7916666666667
05/02/15,83.4,77.3,78.6,82.7291666666667
05/03/15,69.6,68.8,68.2,73.0625
05/04/15,61.2,64.8,62.6,68.3333333333333
05/05/15,59,65.8,61.2,65.8541666666667
05/06/15,53.7,63.2,56.2,62.4166666666667
05/07/15,62.3,70.2,75.7,73.1458333333333
05/08/15,80.9,78.8,80,88.3333333333333
05/09/15,65.6,71.6,71.9,78.8333333333333
05/10/15,59.5,64.8,62.3,66.6458333333333
05/11/15,55.8,63.3,63.9,64.9166666666667
05/12/15,67.7,70.8,67,77.9375
05/13/15,62.2,67.6,71.3,73.6666666666667
05/14/15,63.1,71.5,67.4,73.6041666666667
05/15/15,61.1,68.8,64.4,62.8064516129032
05/16/15,60.2,67.6,70.4,70.8333333333333
05/17/15,64.8,78,84.2,78.4583333333333
05/18/15,58.4,67,70.4,75.1041666666667
05/19/15,57.8,64.9,76.8,74.0208333333333
05/20/15,80,74.8,73.2,85.9791666666667
05/21/15,76.8,75.8,76.8,83.7291666666667
05/22/15,82.2,83.4,70.8,87.8541666666667
05/23/15,75.1,74,64.8,82.6666666666667
05/24/15,64.6,69.9,68.8,75.5416666666667
05/25/15,65.2,72.6,69,74.625
05/26/15,65.8,73.2,71.9,76.1041666666667
05/27/15,57.2,67.9,62.6,69.125
05/28/15,60.6,74.4,73.1,75.125
05/29/15,59.7,74.1,81,69.125
05/30/15,75.8,77.6,77.4,84.2708333333333
05/31/15,71.2,72.9,74.2,83.375
06/01/15,56.2,74.8,77.9,78.6808510638298
06/02/15,55,68.2,70.9,70.8125
06/03/15,56.6,67.8,69.6,73.0425531914894
06/04/15,60.8,74,79.8,79.5416666666667
06/05/15,61.4,72.1,75.5,77
06/06/15,73.4,84.8,88.8,85.7105263157895
06/07/15,71.9,73.2,74.3,81.7916666666667
06/08/15,60,68.6,76.8,76.2083333333333
06/09/15,74.2,72.1,77.2,78.4347826086957
06/10/15,71.2,71.9,65.4,74.5833333333333
06/11/15,58.6,65.7,64.3,63.75
06/12/15,59.4,70,69.5,68.7272727272727
06/13/15,69.9,70.9,76.1,77.5
06/14/15,62.4,67.9,69.3,73.6666666666667
06/15/15,50.2,61.2,62.2,64.5416666666667
06/16/15,60.6,69.9,71.2,67.7659574468085
06/17/15,60.6,65.8,69.6,72.6666666666667
06/18/15,46.8,58.8,62.2,56.5744680851064
06/19/15,33.6,53.2,57.1,46.7916666666667
06/20/15,38.8,55.4,58.8,48.8958333333333
06/21/15,44.1,62.9,74,60.6875
06/22/15,45.4,64.8,71.7,59.5833333333333
06/23/15,66.2,72.4,79.1,76.4583333333333
06/24/15,73.7,74.5,73.8,81.875
06/25/15,67.1,69,73.1,77.6666666666667
06/26/15,55,65.6,67.8,71.9375
06/27/15,46.8,63.8,66.6,60.7083333333333
06/28/15,45.2,68,67.6,62.5625
06/29/15,48.2,67.1,65.6,63.3541666666667
06/30/15,47.3,64.6,64.6,64.8333333333333
07/01/15,54.5,67.7,68.8,68
07/02/15,55.6,68.7,69,68.5625
07/03/15,51.8,59.8,64.2,59.0416666666667
07/04/15,41.1,60.5,68.1,57.3125
07/05/15,68,88.2,93.3,80.7083333333333
07/06/15,77.8,83.2,86.6,89.2391304347826
07/07/15,69.2,73,76.2,80.8510638297872
07/08/15,72.4,82.4,79.6,85.4444444444444
07/09/15,75.1,82.8,88.8,84.8297872340426
07/10/15,87.8,84.2,91.6,90.4375
07/11/15,88,90.9,83.4,94.625
07/12/15,81.6,86.5,91.2,93.3541666666667
07/13/15,80.4,75,75.2,85.3111111111111
07/14/15,68.8,73.8,73,80.1276595744681
07/15/15,73.8,84.1,83.2,87.4042553191489
07/16/15,60.6,64.7,66.4,75.7916666666667
07/17/15,62.6,72.8,72.7,77.8125
07/18/15,75,74.9,81.8,82.5416666666667
07/19/15,82.8,75.9,70.8,85.7708333333333
07/20/15,63.7,70,70.5,74.3953488372093
07/21/15,62.9,66.1,63.5,68.4166666666667
07/22/15,62,65.2,68.4,71.875
07/23/15,60.4,65.4,70.2,71.5208333333333
07/24/15,52.9,65.9,75.7,70.7083333333333
07/25/15,62.3,67.4,82.2,75.8333333333333
07/26/15,71.5,83.6,87.5,90.5625
07/27/15,80.1,81.5,86.4,89.3541666666667
07/28/15,89.9,90.3,92.4,94.1666666666667
07/29/15,63.4,70.6,77,82
07/30/15,68.9,78.6,86.4,84.4166666666667
07/31/15,78.8,81.2,82.8,89.9166666666667
08/01/15,85.5,71.8,73.1,91.1041666666667
08/02/15,89.8,89,94.1,94.2083333333333
08/03/15,89.6,85.3,87.5,93.0208333333333
08/04/15,60.6,67.2,72.5,76.0833333333333
08/05/15,69.5,72,76,78.9375
08/06/15,91.5,94.4,94.2,96.65
08/07/15,93.8,96.6,91.6,96.6341463414634
08/08/15,69.9,69.8,73.2,81.7916666666667
08/09/15,82.6,81,89.2,86.5416666666667
08/10/15,85.4,82.2,79.8,82.6875
08/11/15,76.3,80.1,74.5,80.9574468085106
08/12/15,88.6,,81.2,89.5
08/13/15,80.9,,75,91.4791666666667
08/14/15,77.7,,78.8,85.4583333333333
08/15/15,84.8,,78,85.6458333333333
08/16/15,70.8,,73,78.6458333333333
08/17/15,75.4,,77.4,81.3958333333333
08/18/15,69,,71.6,74.1086956521739
08/19/15,63.4,72.9,79,76.3958333333333
08/20/15,74.4,94.8,88.5,86.4791666666667
08/21/15,78.5,,88.6,83.4166666666667
08/22/15,75.2,,75.4,82.0208333333333
08/23/15,76.4,,81.6,75.4791666666667
08/24/15,68.7,65.7,67.5,76.3541666666667
08/25/15,75.8,79.3,80.7,83.375
08/26/15,65.3,68.9,72,74.4166666666667
08/27/15,71.6,80.4,84,81.75
08/28/15,54.6,59.3,70.5,66.2083333333333
08/29/15,54.6,63.4,76.3,65.9166666666667
08/30/15,65.6,71,70.2,70.2708333333333
08/31/15,57.7,68,70.6,59.75
09/01/15,56.9,64.6,66.1,61.5
09/02/15,53.2,62,60.4,52.0833333333333
09/03/15,54.9,62.1,68.2,50.9375
09/04/15,55.5,66.6,75.4,63.4166666666667
09/05/15,65.6,88,88.2,85.9545454545455
09/06/15,76.5,70.3,77.8,77.1875
09/07/15,87.1,91.8,91.8,94.2708333333333
09/08/15,91,87.2,86.8,94.2291666666667
09/09/15,83.9,88.8,81.1,91.75
09/10/15,69.3,72.2,58.3,73.25
09/11/15,59.6,66.8,63.2,61.9756097560976
09/12/15,57.8,64.6,68.1,58.2708333333333
09/13/15,51.8,61.2,65.8,59.2291666666667
09/14/15,57.1,67.8,70.8,70.6170212765958
09/15/15,78.4,81.6,83.4,85.875
09/16/15,69.6,73.4,80.2,77.6976744186046
09/17/15,69,71.7,75,75.0416666666667
09/18/15,70.2,72.2,70.5,75.4791666666667
09/19/15,69.4,70,71,69.3333333333333
09/20/15,56.4,68.7,73.8,68.5416666666667
09/21/15,68.2,70.7,76.2,74.5416666666667
09/22/15,68.5,67.8,69.2,69.25
09/23/15,68.6,68.8,74.2,67.75
09/24/15,84.8,81.8,78.4,88.3333333333333
09/25/15,64.7,67.7,72,76.0208333333333
09/26/15,67.8,70.6,69,77.5208333333333
09/27/15,75,75.9,79.3,82.375
09/28/15,64.8,75,78.2,74.625
09/29/15,65.3,68.5,72.8,78.9111111111111
09/30/15,66.2,76.2,83.8,78.8958333333333
10/01/15,74.8,83.2,86.4,88.2083333333333
10/02/15,70.4,81.5,77.2,83.7291666666667
10/03/15,78.2,84.5,86.8,90.75
10/04/15,75.6,80,82.6,85.1875
10/05/15,86.2,81.4,71.6,90.4791666666667
10/06/15,76.5,75.5,68.7,79.9583333333333
10/07/15,65.2,68,72.9,80.125
10/08/15,63.4,70,69.7,67.3225806451613
10/09/15,56.8,63.8,62.6,67.6744186046512
10/10/15,57,63,64.2,63.0208333333333
10/11/15,53,61.2,63.6,58.1041666666667
10/12/15,50.4,51.4,74.8,62
10/13/15,54.6,63.6,66.8,56.4791666666667
10/14/15,77.3,87.2,90,84.7727272727273
10/15/15,69.4,68.5,70.6,59.6666666666667
10/16/15,79.8,79.8,79.4,86.3181818181818
10/17/15,65.8,68.6,64.7,72
10/18/15,67.4,72.4,75.4,73.2916666666667
10/19/15,78.7,83,83.6,85.1914893617021
10/20/15,76.4,75,75.4,81.1458333333333
10/21/15,69.8,68.8,74.8,75.0208333333333
10/22/15,62.9,65.4,74.5,69.6041666666667
10/23/15,68.3,61.4,73.2,68.5208333333333
10/24/15,66.8,66.8,74,70.5208333333333
10/25/15,63.9,65.2,73,69.1458333333333
10/26/15,65.8,69.2,78.1,73.9583333333333
10/27/15,72.7,77.6,81.4,81.2222222222222
10/28/15,80.3,80.8,74.2,84.125
10/29/15,70,74.2,74.2,75.5208333333333
10/30/15,63.2,67.1,67.4,66.5208333333333
10/31/15,62.2,67.4,69.8,61.1041666666667
11/01/15,71,73,77.8,72.9583333333333
11/02/15,85.8,81.6,77.6,88.7659574468085
11/03/15,71.5,69,65.6,74.75
11/04/15,64,61.2,64.3,63.375
11/05/15,63.2,68.6,75.9,70.9375
11/06/15,72.6,81,85,84.6875
11/07/15,78.7,85.2,87.4,85.6458333333333
11/08/15,81.1,80.2,78.4,83.8913043478261
11/09/15,66.5,60.6,72.6,71.2916666666667
11/10/15,66.4,68.2,75,71.2291666666667
11/11/15,69.4,67.8,73.8,71.4583333333333
11/12/15,69.5,71,69.4,73.3777777777778
11/13/15,62.4,64.2,65.2,67.6041666666667
11/14/15,64,69.6,68.2,70.0208333333333
11/15/15,69,72.7,75.5,71.3541666666667
11/16/15,73.8,78.1,76.5,77.5
11/17/15,63.2,64.5,63.5,66.7333333333333
11/18/15,68.8,63.7,69,68.0208333333333
11/19/15,62.4,66.5,68.4,62.625
11/20/15,52.5,64.1,58.8,63.5909090909091
11/21/15,,72,72.8,69.2916666666667
11/22/15,,70.8,74.5,71.625
11/23/15,60.8,67.6,66.6,67.5833333333333
11/24/15,68.9,67.7,68.8,68.8695652173913
11/25/15,63,63.2,65.6,62.75
11/26/15,64.2,64.2,64.6,63.2916666666667
11/27/15,63.3,63.4,63,64.125
11/28/15,55.2,64.8,56.6,63.0625
11/29/15,54.6,64.9,65.1,60.75
11/30/15,68.1,74.4,77.1,75.5
12/01/15,71.8,73.6,73.4,78.4583333333333
12/02/15,70,69.2,70.9,77.2291666666667
12/03/15,57.7,58.8,58.8,65.7083333333333
12/04/15,60,65.8,63.2,64.0208333333333
12/05/15,65.8,69.9,72.2,70.125
12/06/15,68.1,70.1,64.9,75
12/07/15,61.5,66.6,62,66.6222222222222
12/08/15,59.8,67.6,69.4,65.4166666666667
12/09/15,65.4,69,69.2,64.8125
12/10/15,60.3,65.1,69.7,63.0625
12/11/15,66.8,71.5,73.6,70.1458333333333
12/12/15,67.4,72.8,71.7,77.25
12/13/15,71.3,70.6,69.6,76.25
12/14/15,57,63.3,62.8,64.6458333333333
12/15/15,57,64,60.8,61.6458333333333
12/16/15,60.6,67,68,64.8333333333333
12/17/15,61,67.3,63.6,66.875
12/18/15,49.2,59.8,50.6,56.625
12/19/15,56.2,64.2,65.6,58.3958333333333
12/20/15,67,69.6,66.4,71.1458333333333
12/21/15,61.6,67.4,67.6,71.125
12/22/15,62.6,65.8,64.7,68.6458333333333
12/23/15,60.2,61.8,51,64.4791666666667
12/24/15,54,62.2,54.3,55.5625
12/25/15,59.2,64.8,67.2,59.4166666666667
12/26/15,61.9,67.4,64.6,63.8541666666667
12/27/15,60,64.9,63.5,59.2708333333333
12/28/15,59.8,66.8,69.9,65.625
12/29/15,71.2,72.4,73.9,80.125
12/30/15,61,61.2,60.5,73.4375
12/31/15,62.9,69.2,66.8,66.4791666666667
01/01/16,63,70.6,68.4,74.5416666666667
01/02/16,67.4,69.4,66.4,74.6875
01/03/16,73.6,75.6,71.8,75.25
01/04/16,59.2,68.4,71.2,71.9791666666667
01/05/16,67,73.1,73,74.6458333333333
01/06/16,70.4,72.2,73.4,76.1666666666667
01/07/16,71.4,69.2,71,71.40625
01/08/16,71.1,64,68,70.9166666666667
01/09/16,61.5,68.4,67.8,69.375
01/10/16,66.1,70.6,70.2,72.8541666666667
01/11/16,71.6,68.8,69.9,76.0454545454545
01/12/16,71.6,64.4,63.8,71
01/13/16,61.5,64.7,65.2,65.5416666666667
01/14/16,66.7,70.5,64.4,76.125
01/15/16,60.2,64.4,59.8,66.0416666666667
01/16/16,62.7,65.6,59.6,63.4583333333333
01/17/16,60.6,62.8,56.2,59.3541666666667
01/18/16,61,71.6,72.8,66.625
01/19/16,67.1,68.5,64.5,73.0625
01/20/16,69.4,74,72.8,72.8541666666667
01/21/16,75.2,77,69.2,78.6666666666667
01/22/16,71,72.1,70.2,73.5
01/23/16,75.2,77.8,74.4,76.625
01/24/16,71.6,70.8,68.4,74.7916666666667
01/25/16,78.9,75.4,68.9,80.2978723404255
01/26/16,71.4,68.3,68.2,73.5416666666667
01/27/16,70.8,67.4,58.8,72.875
01/28/16,62.6,66.7,64.4,67.4791666666667
01/29/16,71.4,71.8,70.2,75.625
01/30/16,64.6,67.3,63.1,69
01/31/16,67.6,73.4,74.1,74.625
02/01/16,75.2,75.6,77,81.375
02/02/16,78.7,77.3,80,84.7291666666667
02/03/16,73.3,72.3,71.4,82.1875
02/04/16,71.8,69,68.2,79.625
02/05/16,68,71,71,76.1458333333333
02/06/16,64.2,72,72.1,74
02/07/16,70.4,74.8,72.8,78.2291666666667
02/08/16,69.6,71.6,70.2,75.7708333333333
02/09/16,63.1,69,69.7,69.3541666666667
02/10/16,68.6,72.4,70.4,76.6041666666667
02/11/16,68.2,72.1,70.4,76.7291666666667
02/12/16,70.8,72.3,68,77.125
02/13/16,63.3,65.2,60.2,67.6666666666667
02/14/16,60.4,62.5,53.2,62.625
02/15/16,53.4,63.2,61,61.7234042553192
02/16/16,70.5,74.2,69.2,77.304347826087
02/17/16,64.9,68.8,68.2,71.25
02/18/16,66.3,68.5,62.4,67.0833333333333
02/19/16,61,61.9,55.6,62.1489361702128
02/20/16,56,62,49,60.6875
02/21/16,58.2,68,66.9,68.125
02/22/16,61,69.2,70.6,68.7708333333333
02/23/16,60.7,67.6,70.6,66.5555555555556
02/24/16,59.4,67.2,68.8,65.75
02/25/16,53.6,62.9,58.6,61.8936170212766
02/26/16,54.8,63.9,57.6,64.3541666666667
02/27/16,53.8,60.3,51.6,58.6458333333333
02/28/16,48.8,57,49.3,56.2291666666667
02/29/16,54.6,66.8,66,62.9791666666667
03/01/16,54.8,63.1,60.6,64.2708333333333
03/02/16,56.6,64.7,66.4,65.9791666666667
03/03/16,67.7,77,73.8,78.4042553191489
03/04/16,63.2,67.4,65.7,73.2083333333333
03/05/16,67.4,71.6,68.4,78.9375
03/06/16,72.8,73,69.8,80.375
03/07/16,77.8,76,74.8,85.2083333333333
03/08/16,68.7,69,63.5,78.0416666666667
03/09/16,57.5,60.9,56.4,63.8125
03/10/16,62.3,71.3,76.2,73.0416666666667
03/11/16,68.8,73.2,72.2,81.4375
03/12/16,75.3,76.8,78.1,84.3333333333333
03/13/16,68.9,74.6,73.4,82.9791666666667
03/14/16,64.6,74.3,75.4,78.8541666666667
03/15/16,63.6,68.9,70.8,76.0833333333333
03/16/16,65.7,75.6,81.8,80.3541666666667
03/17/16,80.9,75.7,68.4,86.0416666666667
03/18/16,62.8,65,61.2,72.1666666666667
03/19/16,61.7,69.8,72,71.75
03/20/16,64.3,71,68.3,79.8541666666667
03/21/16,66.4,71.2,69.1,80.25
03/22/16,58.8,65.6,65.3,70.6222222222222
03/23/16,70,73.3,72.5,80.9375
03/24/16,72.5,81.1,82.4,86.125
03/25/16,63.1,65.6,67,76.2916666666667
03/26/16,74.5,79.2,76.7,84.8125
03/27/16,71.4,77.2,76.1,84.3125
03/28/16,75.5,83.2,80.5,89.625
03/29/16,80.5,84.6,87.6,91.1875
03/30/16,76.4,77,72.8,87.0416666666667
03/31/16,71.9,73,68.6,81.4583333333333
04/01/16,75.2,79.4,72.4,83.1458333333333
04/02/16,73.8,73.4,72.3,80.6875
04/03/16,79.2,81.6,77.5,87
04/04/16,59.4,69.2,63,74.3541666666667
04/05/16,74.6,75.8,75.4,85.2127659574468
04/06/16,67.7,70.4,75.4,81.7083333333333
04/07/16,74.3,74,63.4,85.8333333333333
04/08/16,68.8,72.8,70.8,79.8125
04/09/16,71.4,71.1,69.6,78.8723404255319
04/10/16,61.3,62,62.4,75.8541666666667
04/11/16,61,69.3,74.2,75.9791666666667
04/12/16,81.7,81.2,78.3,87.6458333333333
04/13/16,69.6,81.8,80.7,90.6875
04/14/16,82.3,85.2,90.8,87.9069767441861
04/15/16,97.2,91.8,91.6,97
04/16/16,84.9,83.2,88.2,94.9302325581395
04/17/16,93.6,95.7,92.2,97
04/18/16,79.9,77.6,81.1,88.3541666666667
04/19/16,77,81.2,75.5,87.0625
04/20/16,70.2,72.9,69,86
04/21/16,70.2,72.8,72,83.2340425531915
04/22/16,85.2,90.6,90.3,93.4782608695652
04/23/16,83.8,92,87.2,94.7083333333333
04/24/16,81.4,81.8,75.4,90.5
04/25/16,68.7,75.6,68.7,83.8541666666667
04/26/16,58.1,61.4,60.8,76.4791666666667
04/27/16,60.8,71.8,73,79.5416666666667
04/28/16,72.2,76.8,72.5,86.1458333333333
04/29/16,63.1,70.3,65.8,77.9791666666667
04/30/16,61.7,66.2,71,77.3958333333333
05/01/16,80.8,88.2,85.2,90.6739130434783
05/02/16,65,74.6,75.8,84.7083333333333
05/03/16,68.6,68.1,73.6,79.6666666666667
05/04/16,77.4,86.2,89.3,90.5208333333333
05/05/16,84.9,78.6,78.8,90.1458333333333
05/06/16,83,82.6,81.6,90.5625
05/07/16,78.8,88,90.2,90.8541666666667
05/08/16,81,77.5,77.7,87
05/09/16,73.6,82.3,82.6,88.1666666666667
05/10/16,83.2,83.4,83.2,91.5416666666667
05/11/16,79.4,78.6,82.6,91.7708333333333
05/12/16,71.1,79.5,79,87.6041666666667
05/13/16,75.8,81.6,83,90.4583333333333
05/14/16,75.5,77.2,81.6,90.2916666666667
05/15/16,72.4,74.8,76.9,83.9375
05/16/16,70.8,76,81,85.5
05/17/16,78,85.4,86.3,91.2083333333333
05/18/16,88.2,81.8,88.1,92.9130434782609
05/19/16,79.3,82.3,81.6,90.0625
05/20/16,84.8,80.2,85.7,92.1875
05/21/16,75.6,74.6,79.9,83.2708333333333
05/22/16,65.2,69.8,78.8,80.625
05/23/16,61.8,72.9,76.8,79.6041666666667
05/24/16,73.6,81.4,79.6,86.9583333333333
05/25/16,68.4,77.8,83.1,85.2708333333333
05/26/16,80.5,84.2,90.4,89.2439024390244
05/27/16,75.4,88.6,86.3,91.0625
05/28/16,88,94.4,95.3,96.5416666666667
05/29/16,94.5,90.6,90.7,95.7083333333333
05/30/16,75.3,78.2,89.6,91.1875
05/31/16,85.2,83.7,88.3,93.9166666666667
06/01/16,75.2,72,78.8,84.7708333333333
06/02/16,80,84.6,87.6,92.8541666666667
06/03/16,94.2,100,98.3,97.375
06/04/16,80.5,76.5,78.4,89.25
06/05/16,76.8,79.6,81,88.5
06/06/16,68,75.2,81.8,84.2916666666667
06/07/16,64.4,68,71.9,80.2083333333333
06/08/16,60.8,67,74.6,78.0833333333333
06/09/16,67.6,75.5,80.2,86.4791666666667
06/10/16,60.5,71.7,75,78.75
06/11/16,61.6,73.4,79.2,79.4375
06/12/16,69.4,75.8,86.6,88.6875
06/13/16,87.6,84.6,81.8,91.2291666666667
06/14/16,93.5,86.2,81.8,93.2916666666667
06/15/16,81.4,100,83.5,95.6041666666667
06/16/16,67.4,69.2,75.6,83.25
06/17/16,61.4,71,78,78.9583333333333
06/18/16,67.1,76,78.4,83.4375
06/19/16,84.4,90.4,88.2,92.8125
06/20/16,83.2,82.4,85.1,86.8125
06/21/16,70.9,79.9,84.8,89.7608695652174
06/22/16,69.4,92.2,89.1,89.3333333333333
06/23/16,73.8,87.8,85.9,86.8125
06/24/16,81.2,80.6,84.2,88.5869565217391
06/25/16,79.3,77,82,88.6666666666667
06/26/16,75,75.7,80,85.8125
06/27/16,63.7,70.2,77.5,79.9583333333333
06/28/16,64.3,67.8,80.7,82.3125
06/29/16,90.4,89.4,82.8,93.75
06/30/16,86.2,84.8,87.3,92.9583333333333
07/01/16,72.8,84.5,90.2,87.6875
07/02/16,90.6,82.9,87.4,93.25
07/03/16,77.6,82.2,82.4,88.7659574468085
07/04/16,73.2,73.4,77.8,85.1041666666667
07/05/16,68.6,75.8,78.8,83.7291666666667
07/06/16,66,70,84.6,79.4772727272727
07/07/16,60.7,70.4,72.7,77.4583333333333
07/08/16,84.4,87.7,85.9,94.5106382978723
07/09/16,74,75.2,76.2,87.3958333333333
07/10/16,76.2,79.7,89,91.7291666666667
07/11/16,75.8,76.4,78.2,85.7083333333333
07/12/16,83.3,84.8,90.8,93.2916666666667
07/13/16,71,76.4,76,88.5208333333333
07/14/16,77.2,74.6,77.3,85.1666666666667
07/15/16,70.2,72.2,79,83.1860465116279
07/16/16,61.4,74,76.6,80.8958333333333
07/17/16,68.6,78.2,83.6,89.8125
07/18/16,67.7,68.7,77.4,79.6666666666667
07/19/16,80.6,87.4,88.9,90.9583333333333
07/20/16,71.6,77.7,79.4,87.75
07/21/16,69.7,71.6,74.8,76.2558139534884
07/22/16,64.6,73.6,78,80.5625
07/23/16,79.9,82,87.9,88.7708333333333
07/24/16,87.8,89.2,92.2,93.7916666666667
07/25/16,82.4,84.7,80.4,92.3541666666667
07/26/16,70.1,70.8,78,83.8913043478261
07/27/16,62,67.9,67.8,76.4166666666667
07/28/16,66.4,70.3,76.6,90.84375
07/29/16,71.3,76.4,76.7,83.1458333333333
07/30/16,84.4,82.8,90.2,92.5833333333333
07/31/16,70.8,67.1,77.4,81.6041666666667
08/01/16,70.6,70.3,76.3,78.2391304347826
08/02/16,68.3,76.6,79.5,81.7083333333333
08/03/16,77.2,76.6,82.1,86.5625
08/04/16,72.6,77.8,79.9,82.6666666666667
08/05/16,75,78.4,73.7,82.3333333333333
08/06/16,64,69.4,71.6,77.2708333333333
08/07/16,67.4,72.6,76.6,80.6875
08/08/16,67.2,71.3,73.6,81.8125
08/09/16,58,64.2,70.9,73.125
08/10/16,62.2,76,85.8,81.1458333333333
08/11/16,70.9,75.2,76.4,81.2916666666667
08/12/16,72.6,76.4,82.4,84.6818181818182
08/13/16,65.9,67.2,75,76.0416666666667
08/14/16,77.2,79.6,77.6,85.8085106382979
08/15/16,62.7,70.2,69,74.1395348837209
08/16/16,73.8,77.8,84.7,81.5833333333333
08/17/16,72.9,66.8,70.4,80.1777777777778
08/18/16,68.9,69.4,73,75.5625
08/19/16,71.8,70.9,72.5,80.4166666666667
08/20/16,64.2,66,70,74.7916666666667
08/21/16,54.2,59.8,63,66.2291666666667
08/22/16,61.6,70,75.2,75.0416666666667
08/23/16,95.6,89.6,85.2,93.0416666666667
08/24/16,83.1,79.6,76.8,83.6875
08/25/16,69.4,73.6,77.7,81.9166666666667
08/26/16,78.8,78.8,76.6,83.8958333333333
08/27/16,76.3,77.2,70.4,80.625
08/28/16,69.4,73.2,71.2,72.5416666666667
08/29/16,64.4,68.8,69.7,78.4473684210526
08/30/16,61.4,72.2,72.5,72.6875
08/31/16,76,77.6,68.3,84.9583333333333
09/01/16,63.5,70.2,68.9,75.2916666666667
09/02/16,66.3,68.6,68.2,73.625
09/03/16,62.2,67.4,72.4,73.5416666666667
09/04/16,60,65.2,71.2,71.0416666666667
09/05/16,51.8,59.5,65.4,63.3541666666667
09/06/16,47.8,61.4,61.8,58.3541666666667
09/07/16,49.2,58.6,61.2,60.2083333333333
09/08/16,52.3,60.4,67.6,59.0833333333333
09/09/16,49.7,61.6,62.9,55.9375
09/10/16,64.2,74,84,73.8541666666667
09/11/16,78.9,72.6,76.5,83.375
09/12/16,70.6,70,75.6,76.9166666666667
09/13/16,60.4,61.4,68,68.4166666666667
09/14/16,71.2,77.9,84,81.9583333333333
09/15/16,78.8,80.9,80.2,84.2916666666667
09/16/16,76.2,79,84.6,85.9583333333333
09/17/16,62,69.6,71.6,80.3958333333333
09/18/16,54.6,58.9,62.9,63.5
09/19/16,49.4,63,65.6,61.0625
09/20/16,55.4,69,69.8,68.3333333333333
09/21/16,64.4,72.5,77.7,73.1458333333333
09/22/16,58.1,64.4,64,65.9375
09/23/16,54.2,71.6,78.4,69.5
09/24/16,60.1,70.7,84.5,76.2916666666667
09/25/16,68.6,77.4,79.4,83.9791666666667
09/26/16,67.4,71.5,68.5,79.625
09/27/16,66.8,73.6,77.4,77.9166666666667
09/28/16,77.1,81.3,88.5,83.8958333333333
09/29/16,72.7,68.8,72.2,74.2916666666667
09/30/16,66.6,66.4,66.2,69.6041666666667
10/01/16,65.4,69.8,74.2,70.8541666666667
10/02/16,61.6,66,68.1,68.2083333333333
10/03/16,61.4,67.6,72.7,71.3333333333333
10/04/16,63.3,61.4,62.2,63.1458333333333
10/05/16,57.1,60,53.2,56.0833333333333
10/06/16,59.2,59.4,56.8,60.7916666666667
10/07/16,56.9,63.8,59.9,64.7708333333333
10/08/16,57.4,56.6,53.8,58.0625
10/09/16,55.4,57,58,57.2291666666667
10/10/16,57,62.2,69.8,64.6666666666667
10/11/16,61.8,60.7,61.6,65.1875
10/12/16,68.4,73.2,71.8,75
10/13/16,62.5,60.6,70.2,69.4375
10/14/16,75.2,76.4,77.5,78.4166666666667
10/15/16,82.6,87.6,89.5,91.7083333333333
10/16/16,86.1,84.4,78.4,95
10/17/16,81.7,79.6,72.4,74.7916666666667
10/18/16,68.5,65.7,71.2,70.7291666666667
10/19/16,65.6,65.2,65.4,69.2083333333333
10/20/16,58.4,60.4,60.4,63.6666666666667
10/21/16,57.4,63.2,67.2,64.0833333333333
10/22/16,70.4,74.4,74.8,76.2291666666667
10/23/16,66.5,67.2,72.8,66.625
10/24/16,65.2,64.6,71,67.7916666666667
10/25/16,58.6,63.2,61,66.1458333333333
10/26/16,58.8,64.8,64,62.2708333333333
10/27/16,60.1,69.2,71.3,69.6458333333333
10/28/16,87.4,86.2,85.3,88.8541666666667
10/29/16,73.4,72.4,71.8,79.9791666666667
10/30/16,73.6,72.8,77.2,82.4583333333333
10/31/16,74.8,72.2,69.3,79
11/01/16,61.4,63.8,61.9,65.3541666666667
11/02/16,47.6,60.4,54,57.3958333333333
11/03/16,56,61.2,59.5,58.9583333333333
11/04/16,61.5,67,61.8,65.0833333333333
11/05/16,67.8,73.7,75.4,73.7291666666667
11/06/16,67.2,69.4,69.8,70.3125
11/07/16,62,64.7,63.8,66.6041666666667
11/08/16,67.5,70.6,70.4,#N/A
11/09/16,62.4,63,60.6,#N/A
11/10/16,52.8,61.9,57.2,#N/A
11/11/16,55.1,65.2,64.8,#N/A
11/12/16,55.6,67.2,73.4,#N/A
11/13/16,62.6,69.4,58.8,#N/A
11/14/16,60.8,62.4,60.2,#N/A
11/15/16,59.8,62.3,59.2,#N/A
11/16/16,63.4,59.7,52.4,#N/A
11/17/16,48.4,53.6,44.4,#N/A
11/18/16,57,61.7,70.2,#N/A
11/19/16,66.4,70,73.4,#N/A
11/20/16,70.1,71.2,71.3,#N/A
11/21/16,67.8,72,73.6,#N/A
11/22/16,71.9,71.4,70.2,#N/A
11/23/16,75,75.2,76.6,#N/A
11/24/16,57.2,65,65.8,#N/A
11/25/16,72.7,70.8,66.8,#N/A
11/26/16,64,62.6,64.6,#N/A
11/27/16,64.6,66.2,64.6,#N/A
11/28/16,53,58.3,54.1,#N/A
11/29/16,57.8,65.8,70.2,#N/A
11/30/16,70.4,73.6,77.4,#N/A
12/01/16,68.1,73.8,72,#N/A
12/02/16,66.4,76.2,78.2,#N/A
12/03/16,70.2,73.6,72.6,#N/A
12/04/16,73.3,65.6,65.9,#N/A
12/05/16,54,61.2,58,#N/A
12/06/16,49.2,61.2,53.7,#N/A
12/07/16,63.4,70.4,71.4,#N/A
12/08/16,69.7,72.4,73.8,#N/A
12/09/16,81.4,80.1,71.6,#N/A
12/10/16,69.2,67.8,67.1,#N/A
12/11/16,60.4,63.8,58,#N/A
12/12/16,57.4,62.8,51.2,#N/A
12/13/16,43.2,57.6,48,#N/A
12/14/16,52,54.6,50.9,#N/A
12/15/16,63.6,72.6,77.8,#N/A
12/16/16,72.9,75.9,70.2,#N/A
12/17/16,71.6,75.8,74.4,#N/A
12/18/16,63.2,63.6,58.8,#N/A
12/19/16,59.8,63,59.3,#N/A
12/20/16,60.5,64.7,64.1,#N/A
12/21/16,61.2,65.2,63.6,#N/A
12/22/16,56.3,64.7,54.2,#N/A
12/23/16,59.2,64.4,56.3,#N/A
12/24/16,62,63.2,63.7,#N/A
12/25/16,67.4,67,70.2,#N/A
12/26/16,66.2,69.9,72.7,#N/A
12/27/16,59,61.7,61.8,#N/A
12/28/16,63.8,70.8,79.2,#N/A
12/29/16,75.8,76.8,76.2,#N/A
12/30/16,72.1,75.3,76.3,#N/A
12/31/16,67.1,70.8,70.9,#N/A
01/01/17,63.2,63.6,61.8,#N/A
01/02/17,60,64,52.2,#N/A
01/03/17,54.8,61.2,55.4,#N/A
01/04/17,50.7,60.4,50.2,#N/A
01/05/17,51.4,58.3,53,#N/A
01/06/17,59.6,68.3,69.6,#N/A
01/07/17,62.2,67.2,66.4,40.3070175438596
01/08/17,61.9,63.7,63.2,47.3847222222222
01/09/17,56,59,62.7,51.8277777777778
01/10/17,58.6,64,56.4,47.3986111111111
01/11/17,60.3,61.8,55.2,44.0270833333333
01/12/17,49.3,62.4,57.5,42.7055555555555
01/13/17,57.2,62.5,49,44.49375
01/14/17,55.8,65.6,55.6,43.6506944444445
01/15/17,56.4,63.7,60.2,45.0875
01/16/17,60.3,68.4,71.4,48.9715277777778
01/17/17,57.8,59.1,57.6,43.1965277777778
01/18/17,45.8,61.2,45.8,26.2902777777778
01/19/17,54,58.8,58.2,42.7493055555555
01/20/17,48.8,59.3,45.3,36.1347222222222
01/21/17,58.4,68.4,66,47.66875
01/22/17,66.1,70.8,71.8,55.1763888888889
01/23/17,65.7,67.5,67.4,51.7763888888889
01/24/17,58.4,61.4,56,45.1701388888889
01/25/17,57.8,60.2,50,33.9756944444444
01/26/17,62.6,72.4,69.9,53.3069444444444
01/27/17,66,68.6,67.6,56.4215277777778
01/28/17,68.8,74,74.2,58.3631944444444
01/29/17,67.4,71,68.4,58.7756944444445
01/30/17,63.8,65,58.6,50.4256944444444
01/31/17,58.5,66.6,59.2,47.9229166666667
02/01/17,62.2,68.2,65.1,52.2194444444444
02/02/17,65.8,69.6,63.3,53.6229166666667
02/03/17,69.9,70.7,68.4,59.7145833333333
02/04/17,63.5,66.8,65.8,58.0569444444444
02/05/17,56.4,60.2,56.6,47.8041666666667
02/06/17,57.2,64,57.2,43.1888888888889
02/07/17,59.4,69.8,72,54.2875
02/08/17,62.2,64.5,59.7,59.4604166666666
02/09/17,66.7,64.2,62,50.5666666666666
02/10/17,54.7,59.6,58.2,48.1881944444445
02/11/17,58.4,65,63.5,47.0972222222222
02/12/17,56.6,66.2,68.6,48.2861111111111
02/13/17,61,72.1,75.1,57.7722222222222
02/14/17,68.7,72.3,69.6,64.6319444444444
02/15/17,64.2,69.9,70,58.1909722222222
02/16/17,65.3,71.5,70,59.6083333333333
02/17/17,71.5,70.8,64.4,60.6548611111111
02/18/17,61.2,63.6,53.4,47.1444444444445
02/19/17,59.2,62.2,53.8,47.3840277777778
02/20/17,56.8,63.9,53.6,45.8335664335664
02/21/17,60.8,69.5,64.4,52.8465277777778
02/22/17,61.5,73.8,71,55.1340277777778
02/23/17,69,71.7,74.8,61.6888888888889
02/24/17,67.8,70.9,72.8,54.2659722222222
02/25/17,68.4,70.2,74.8,48.0694444444444
02/26/17,64.9,71.5,72.4,59.6194444444444
02/27/17,68.8,72.2,72,60.0347222222222
02/28/17,68.3,72.2,69.6,62.0631944444444
03/01/17,64.9,70.1,67.6,62.6263888888889
03/02/17,67.2,68.2,59.6,63.0138888888889
03/03/17,54.8,66.9,49.2,48.6432432432432
03/04/17,61.2,65,59.2,#N/A
03/05/17,54,59.8,46.9,#N/A
03/06/17,49.9,56.5,46.4,#N/A
03/07/17,55,65.4,61.1,22.2013513513513
03/08/17,53.9,55.6,61.6,31.2833333333333
03/09/17,58.1,57.3,58.8,35.6986111111111
03/10/17,46.2,60.8,51.2,34.2534090909091
03/11/17,51.1,60,55.2,46.3957446808511
03/12/17,43.8,54,39.1,55.3333333333333
03/13/17,52.8,66.6,70.8,64.7708333333333
03/14/17,68.7,71,67.8,76.1666666666667
03/15/17,58,65.1,60.8,70.8333333333333
03/16/17,58.9,69.2,71.2,71.0833333333333
03/17/17,59.6,70.6,70.6,76.3125
03/18/17,59.9,68.4,71.4,69.9166666666667
03/19/17,64.6,70.4,70,74.5833333333333
03/20/17,63.8,68.4,66.6,72.875
03/21/17,61.7,71.1,70.6,71.7083333333333
03/22/17,69.8,78,78,83.8333333333333
03/23/17,67.6,79.1,84,85.6458333333333
03/24/17,80.9,75,75.8,88.1875
03/25/17,66,71.2,67.6,73.1666666666667
03/26/17,66.4,66.3,62,71.25
03/27/17,60.2,64.7,62.8,70.2083333333333
03/28/17,63.9,69,65.9,73.1666666666667
03/29/17,66.9,68.4,67.4,78.0416666666667
03/30/17,64.2,66.2,62.7,70.7916666666667
03/31/17,63.3,67,64.4,70.4375
04/01/17,68.2,67.8,68.5,80.25
04/02/17,64.8,62.4,59.4,71.6458333333333
04/03/17,57.6,65.7,58,67.7291666666667
04/04/17,61.1,70.9,68.6,74.5625
04/05/17,63.2,63.8,56.8,69.6666666666667
04/06/17,59,64.3,59.3,69.125
04/07/17,75.2,72.4,71.6,84.8333333333333
04/08/17,66.8,63.8,66.6,74.5833333333333
04/09/17,60.8,63.1,65.3,70.5625
04/10/17,54.9,59.6,58.2,66.125
04/11/17,47.2,58.4,61,62.0208333333333
04/12/17,58.8,70.5,73.8,74.2083333333333
04/13/17,66.3,67.6,68.1,76.7708333333333
04/14/17,71.2,69.6,72.8,79.2291666666667
04/15/17,70,71.2,66.8,75.9583333333333
04/16/17,65.8,73.4,66.6,76.8958333333333
04/17/17,68.2,73.4,71.4,79.6458333333333
04/18/17,68.6,73.4,74.7,80.375
04/19/17,71.2,76.6,74.2,80.2708333333333
04/20/17,93.2,95.8,87.2,93.7291666666667
04/21/17,73,72.4,66.1,85.2083333333333
04/22/17,60.4,64.2,55.6,76.5625
04/23/17,72.8,65.4,61.6,79.3333333333333
04/24/17,75.4,73.4,71.8,82.7708333333333
04/25/17,69.8,68.4,64.6,79.7916666666667
04/26/17,62.2,62.9,60.6,74.5416666666667
04/27/17,54.4,61.6,55.4,69.5
04/28/17,51.8,59.1,56.9,68.6875
04/29/17,55.7,63.2,59.6,69.8125
04/30/17,56.1,66,69.5,70.75
05/01/17,76.6,80.6,83.8,90.5
05/02/17,75.3,70.4,70.8,85.2708333333333
05/03/17,60.8,65.6,64.4,75.7916666666667
05/04/17,55.9,64.6,65.9,71.5
05/05/17,66.9,85,83.8,85.6666666666667
05/06/17,73.9,69.4,69,81.3541666666667
05/07/17,79.4,83.3,79,90.3958333333333
05/08/17,71,73.7,78.2,83.875
05/09/17,78.5,77.2,80,86.9375
05/10/17,82.4,79.4,79.8,91.5833333333333
05/11/17,81.1,85.2,85.6,92.8723404255319
05/12/17,74,77.3,79.1,86.7173913043478
05/13/17,70.6,73.8,75.9,81.6041666666667
05/14/17,74.4,79.2,82.3,90.5625
05/15/17,71.4,76.1,81,84.7083333333333
05/16/17,83.8,86.8,79.2,91.9166666666667
05/17/17,78.8,76.7,83.1,88.9583333333333
05/18/17,80.4,80.6,82.3,88
05/19/17,71.7,74.2,74.3,86.5434782608696
05/20/17,63.6,67.6,76.5,79.3958333333333
05/21/17,64.7,72.9,74.5,81.5625
05/22/17,76,80.8,85.8,91.75
05/23/17,87,88.4,88.4,93.1458333333333
05/24/17,86.4,92.7,93.4,94.9787234042553
05/25/17,82.6,79,74.4,91.5416666666667
05/26/17,72.6,68.8,73.1,83.5625
05/27/17,65.2,73,75.5,82.375
05/28/17,78.5,80.5,81.2,89.1041666666667
05/29/17,75.8,78,76.8,88.4318181818182
05/30/17,75.6,75.7,74.1,87.6875
05/31/17,65,70.2,74.1,80.8333333333333
06/01/17,64.2,68,76.6,79.9791666666667
06/02/17,74.8,82.8,87.7,87.2708333333333
06/03/17,69.8,74.8,76.8,84.8541666666667
06/04/17,70.4,75.5,73.5,84.4375
06/05/17,76.5,77.4,73.1,87.5625
06/06/17,61.4,64,69.5,77.25
06/07/17,79.9,85.9,90.7,89.804347826087
06/08/17,84,86.3,85.8,91.4166666666667
06/09/17,70.8,70.7,76.4,85.5106382978724
06/10/17,65.1,66.3,72.5,81.6041666666667
06/11/17,65.1,71.6,79.4,82.0416666666667
06/12/17,67.3,78.6,79.2,84.804347826087
06/13/17,85.9,84.8,85.2,92.8333333333333
06/14/17,89.6,83,81.7,92.8333333333333
06/15/17,76.2,74.8,77.5,93.8958333333333
06/16/17,81.4,82.8,88.5,94.2083333333333
06/17/17,82.4,75.6,77.2,90.1666666666667
06/18/17,72.2,68.9,69,95.5
06/19/17,70.3,68.3,80,73.2307692307692
06/20/17,69.1,74.4,83.6,80.8958333333333
06/21/17,73.2,78.4,83.1,86.8541666666667
06/22/17,78.2,86.2,87,91.9791666666667
06/23/17,85.9,83.6,91.5,93.5208333333333
06/24/17,84.6,80.8,85.8,94.7291666666667
06/25/17,77.3,83,83,91.25
06/26/17,86.6,,89.8,94.3958333333333
06/27/17,73.9,78.6,74.1,89.2708333333333
06/28/17,71,72.6,87,87.1666666666667
06/29/17,64.6,72.4,79,81.875
06/30/17,61.8,67.8,76,79.5833333333333
07/01/17,56.9,66.2,75,76.7291666666667
07/02/17,78.1,92.5,89.8,95.7083333333333
07/03/17,87.7,87.2,84.4,92.5416666666667
07/04/17,89.8,87.7,88.7,93.0625
07/05/17,85.5,90.6,95.1,96.025641025641
07/06/17,65.8,71.8,75,80.875
07/07/17,64.8,69,72.6,81.6086956521739
07/08/17,73.1,82.4,84.6,86.7916666666667
07/09/17,75.2,85.3,85.6,90.9375
07/10/17,70.4,76.3,77.7,88.8913043478261
07/11/17,62.4,77,66.6,83.6818181818182
07/12/17,79.2,78.2,83.8,88.3555555555556
07/13/17,82.2,82,91.5,89.8444444444445
07/14/17,80.6,76.2,73.1,87.0208333333333
07/15/17,76.4,78.2,82.7,86.2291666666667
07/16/17,71,78.6,75.7,82.0833333333333
07/17/17,62.4,66,73.8,76.7555555555556
07/18/17,59.2,68.8,73.2,73.5
07/19/17,55.6,66.5,72,73.1428571428571
07/20/17,56.2,63.6,69,75.0714285714286
07/21/17,64.4,77.1,85.3,83.9772727272727
07/22/17,84.7,80.4,85.4,89.625
07/23/17,82.8,75.9,84.6,89.5
07/24/17,80.4,76.8,80.4,86.25
07/25/17,71.9,76.4,74.8,86.2291666666667
07/26/17,62.8,67.2,76.2,77.3333333333333
07/27/17,72.6,75.8,73.2,85.75
07/28/17,67.7,69.8,77.4,80.8780487804878
07/29/17,75.8,77.3,74,84.6041666666667
07/30/17,71.1,76,79.4,80.5416666666667
07/31/17,71.2,76.8,76.8,83.2083333333333
08/01/17,84.4,85.7,82.1,89.1041666666667
08/02/17,67.2,68,74.9,80.2765957446809
08/03/17,61.4,75.1,77.8,79.875
08/04/17,90.6,88.9,80.1,91.6170212765958
08/05/17,83.6,74.4,74.6,82.0208333333333
08/06/17,68.7,75.6,71.5,83.7291666666667
08/07/17,79.8,75.6,79.2,86.625
08/08/17,68.3,67.8,73.4,77.4545454545455
08/09/17,65.4,69.1,77.6,84.9166666666667
08/10/17,88,90.8,87.2,91.0454545454546
08/11/17,92.3,85.9,88.2,91.6041666666667
08/12/17,74.4,74,72.7,84.5833333333333
08/13/17,75.1,83.6,76.2,87.2291666666667
08/14/17,69.8,77.2,82,83.4736842105263
08/15/17,68.2,75.6,74.2,84.7083333333333
08/16/17,66.7,74.4,71.6,79.9375
08/17/17,64.2,72.5,68.4,77.3958333333333
08/18/17,91.8,90.6,89.8,94.5833333333333
08/19/17,78,75.8,75.9,84.4166666666667
08/20/17,59,64.6,71.9,73.75
08/21/17,85.6,63.8,70.3,72.875
08/22/17,,80.6,86.2,86.2083333333333
08/23/17,,80.8,84.4,81.2444444444444
08/24/17,,73.4,75,80.4791666666667
08/25/17,,73.6,76.6,80.9166666666667
08/26/17,,79.5,78.8,86.8958333333333
08/27/17,,72.2,77.2,81.0833333333333
08/28/17,,76.8,85.1,84.1739130434783
08/29/17,,69,71.9,75.8958333333333
08/30/17,,68,68.7,79.0975609756098
08/31/17,,74.8,76,78.9375
09/01/17,,74.8,78,82.9591836734694
09/02/17,,76.4,79,81.1666666666667
09/03/17,,67.4,66.4,78.5833333333333
09/04/17,,68.4,66.6,68.6041666666667
09/05/17,,68.9,69.9,71.875
09/06/17,,70.8,68.7,76.8125
09/07/17,,72.9,75.6,78.625
09/08/17,,77.4,70.9,85.0625
09/09/17,,75.4,75.6,82.25
09/10/17,,74,76.7,81.9583333333333
09/11/17,,77.8,82.2,84
09/12/17,,74,79.2,78.75
09/13/17,,67.6,74.8,74.4791666666667
09/14/17,,73.4,73.2,80.9375
09/15/17,,61,63.6,64.5625
09/16/17,,58.3,66,59.2916666666667
09/17/17,,76.5,84.4,76.1666666666667
09/18/17,,80.8,90.7,89.25
09/19/17,,66.4,69.2,79.1875
09/20/17,55.6,71.4,71.6,72.375
09/21/17,63.2,71.4,72.6,71.6041666666667
09/22/17,57.4,66.7,67,64.7083333333333
09/23/17,54.4,67.6,71.8,69.3125
09/24/17,65.2,72.3,66,75.6666666666667
09/25/17,53.9,70,70.7,69.5
09/26/17,63,65.6,62.1,64.6666666666667
09/27/17,58.3,68,69.6,68.8125
09/28/17,64.4,76.2,79.4,77.7916666666667
09/29/17,62,66.8,67.2,70.2708333333333
09/30/17,67.8,72,86,81.8541666666667
10/01/17,67.6,70.5,72,78.0625
10/02/17,71.2,72.4,73,77.3541666666667
10/03/17,57.6,63.2,70.4,68.6041666666667
10/04/17,75,75.2,83.3,92.5454545454545
10/05/17,74.8,78.3,76.8,79.1041666666667
10/06/17,63.6,71.9,71.3,75.3958333333333
10/07/17,89.3,88.1,89.5,89.9791666666667
10/08/17,73.4,74.7,73.6,79.0625
10/09/17,63,70.4,71.6,75.8541666666667
10/10/17,64.4,65.4,58.2,66.7708333333333
10/11/17,70.2,72.6,70.6,73.6041666666667
10/12/17,61.1,67.8,71.2,70.0833333333333
10/13/17,61,68,69.4,70.7708333333333
10/14/17,54,66.1,67.3,68.2916666666667
10/15/17,63.5,67,79.1,76.4791666666667
10/16/17,73.6,73.8,79,80.0625
10/17/17,73.4,76,77.6,75.4166666666667
10/18/17,66.9,68.8,71.2,81.3958333333333
10/19/17,63.1,62.5,66.4,67.375
10/20/17,72.2,74.6,61.7,51.3958333333333
10/21/17,57.1,64.8,62.6,66.7291666666667
10/22/17,53.5,63.8,64.2,68.3541666666667
10/23/17,55,64.8,68.4,65.5833333333333
10/24/17,59.9,68.4,71,56.5434782608696
10/25/17,67.4,69.8,72.1,52.8541666666667
10/26/17,71.2,75.9,77.2,74.2083333333333
10/27/17,67,69.2,71.1,68.8958333333333
10/28/17,67.4,68,73.4,73.25
10/29/17,66.1,60.8,66.4,64.3125
10/30/17,59.6,62,66.6,57.8125
10/31/17,62,67,72.2,53.4791666666667
11/01/17,74.4,75.8,79.2,58.1875
11/02/17,79.2,79,75.4,57.1521739130435
11/03/17,65.4,67.8,68.2,51.9791666666667
11/04/17,68.6,72.7,71.6,43.6875
11/05/17,59.2,65.7,66.4,59.9148936170213
11/06/17,76.1,82.1,84.6,59.9565217391304
11/07/17,76.6,76.2,75.7,51.9791666666667
11/08/17,59.9,65.2,65.4,43.6875
11/09/17,56,64.6,58.2,59.2173913043478
11/10/17,51.4,61.2,58.8,60.6382978723404
11/11/17,56.8,64.2,61.8,66.0833333333333
11/12/17,61.8,68,73.5,73.9791666666667
11/13/17,68.9,74.2,75.5,62.6458333333333
11/14/17,70.7,75.7,81.7,55.0208333333333
11/15/17,59.6,65.8,62,68.25
11/16/17,57.4,62.8,55,66.0833333333333
11/17/17,61.9,65.2,57.2,73.9791666666667
11/18/17,45.9,62.9,52,79.6875
11/19/17,56,64.4,61.8,67.5625
11/20/17,59.7,64.8,73.4,64.4791666666667
11/21/17,55.8,57.6,57,59.3125
11/22/17,49.6,60.2,55.7,61.0833333333333
11/23/17,58.4,68.2,71.4,68.9791666666667
11/24/17,66.2,67.2,65.8,66.3541666666667
11/25/17,57,62.8,57.3,70.4791666666667
11/26/17,63.2,69.9,75.8,71.4583333333333
11/27/17,67.2,74.1,76.6,77.4791666666667
11/28/17,73.2,78.8,77.8,81.375
11/29/17,69,67.7,67.8,76.6041666666667
11/30/17,63.1,70.3,69.3,69.7708333333333
12/01/17,67.8,73.5,76.6,75.1875
12/02/17,75.4,71.8,74.8,79.1875
12/03/17,62.4,63.6,68.2,68.9583333333333
12/04/17,65.3,72.8,73.2,72.3333333333333
12/05/17,68.5,75.2,72.7,81.0208333333333
12/06/17,65,69.4,71.4,77.5833333333333
12/07/17,66,71.6,76.8,79.6458333333333
12/08/17,66.4,66.9,68.4,77.0833333333333
12/09/17,60.1,63.7,59.6,63.1458333333333
12/10/17,58.3,65.4,64.6,65.9375
12/11/17,71.8,69.1,72.2,79.0416666666667
12/12/17,70.5,64.6,68,74.6666666666667
12/13/17,53.6,58.9,66.2,68.3958333333333
12/14/17,59,60.2,57.4,61.6458333333333
12/15/17,52.2,61.4,52.6,58.7916666666667
12/16/17,64.4,70.2,62.2,69.0208333333333
12/17/17,58.8,63.9,59.8,62.6666666666667
12/18/17,61.6,67,64.5,62.8333333333333
12/19/17,61.4,65.6,62.7,60.7708333333333
12/20/17,60.6,68.4,63.5,62.5833333333333
12/21/17,61,66.8,59.2,61.8125
12/22/17,57.8,62.6,53.2,55.4166666666667
12/23/17,48,62.3,52.3,57.2083333333333
12/24/17,56.1,58.4,54.2,53.9791666666667
12/25/17,55,60.2,64.2,60.8541666666667
12/26/17,64.6,67.2,59.6,69.2291666666667
12/27/17,60.8,62.1,54.1,60.9166666666667
12/28/17,55.4,59.8,51.8,59.875
12/29/17,63.2,65.2,57.6,63.8541666666667
12/30/17,60.4,67.6,54.8,62.3333333333333
12/31/17,70.8,73.9,74.2,74.6875
01/01/18,65.6,69.6,68.9,70.468085106383
01/02/18,61,65.8,63,62.7708333333333
01/03/18,56.8,62.1,60.6,59.0416666666667
01/04/18,57.6,66.4,61.8,66.7916666666667
01/05/18,64,59.2,55.2,68.2291666666667
01/06/18,48.8,53.6,42.9,55.625
01/07/18,61,64.8,68.4,64.8125
01/08/18,69.2,71,72.2,70.8125
01/09/18,68.6,71.2,72,70.7083333333333
01/10/18,69.4,73.8,76,73.7708333333333
01/11/18,72.4,76.8,75.7,#N/A
01/12/18,71.9,74.7,75,#N/A
01/13/18,70.2,75.4,73.8,#N/A
01/14/18,75.9,80.5,83.4,#N/A
01/15/18,66.7,63.8,67.6,#N/A
01/16/18,64.4,70.8,68.8,#N/A
01/17/18,61.2,63.4,58.8,#N/A
01/18/18,55.3,62.9,60.4,#N/A
01/19/18,63.3,71.8,75.6,#N/A
01/20/18,72.5,69.5,74.9,#N/A
01/21/18,77.1,74.2,74.3,#N/A
01/22/18,68.4,71.7,73,#N/A
01/23/18,66.1,68.6,74.2,#N/A
01/24/18,65.6,72.6,74.6,#N/A
01/25/18,67.2,72.5,67.8,#N/A
01/26/18,62,70.8,66.6,#N/A
01/27/18,57.8,59,52.6,#N/A
01/28/18,51.8,59.2,46.9,#N/A
01/29/18,56.4,70.2,71.3,#N/A
01/30/18,64.6,66.2,56.8,#N/A
01/31/18,55.2,65,59.8,#N/A
02/01/18,62.4,68.6,70.1,65.6279069767442
02/02/18,70.1,73.2,72.4,78.5416666666667
02/03/18,72.1,75,71.8,79.125
02/04/18,70.7,72,71.6,75.7291666666667
02/05/18,72.4,71.6,72.3,79.1458333333333
02/06/18,72.4,71.2,68.2,78.2708333333333
02/07/18,70,72.8,73.4,74.3958333333333
02/08/18,67.4,70.4,70.4,72.9166666666667
02/09/18,58.8,58.9,50.4,62.2291666666667
02/10/18,39.2,57.4,43,58.2708333333333
02/11/18,44.8,54,44.8,54.2291666666667
02/12/18,49.2,59,52.4,55.2291666666667
02/13/18,59.8,69.5,71.4,69.1458333333333
02/14/18,68.2,70.8,69.6,76.5
02/15/18,68.4,74,72.4,78.5
02/16/18,66.8,71.6,69.6,78.125
02/17/18,65.3,68,64,73.2916666666667
02/18/18,65,68.2,67,76.0625
02/19/18,69.4,67.1,70.3,79.0833333333333
02/20/18,59.4,60.2,62.6,66.4375
02/21/18,62.6,67.8,63.4,68.2916666666667
02/22/18,60.4,66,64.6,67.0833333333333
02/23/18,65.6,70.5,72.7,77.0208333333333
02/24/18,63,71.3,71.4,75.5833333333333
02/25/18,64,71.1,68.7,73.8958333333333
02/26/18,65.1,73,71.4,77.9583333333333
02/27/18,73.1,71.8,72.2,82.7291666666667
02/28/18,69.2,73.8,71.4,80.8125
03/01/18,65.2,70.6,70.4,77.7291666666667
03/02/18,65.4,74.1,71.7,80.5208333333333
03/03/18,70,74.8,73.3,80.6666666666667
03/04/18,66.2,68,59.4,72.7291666666667
03/05/18,55.4,63.8,57.5,64.6875
03/06/18,55.3,68.4,70.6,69.0833333333333
03/07/18,71.2,73.9,72.8,80.9583333333333
03/08/18,69.8,77.4,76,79.9375
03/09/18,66,70.2,70.9,74.7291666666667
03/10/18,59.4,66.7,62.4,72.0625
03/11/18,52,59.6,47.8,63.25
03/12/18,45.6,61.2,50.4,58.9375
03/13/18,50.8,60.3,49.2,57.8333333333333
03/14/18,51.1,61.2,51.1,59.8333333333333
03/15/18,48,60.8,55.1,59.4583333333333
03/16/18,55.6,57.4,61.2,62.8958333333333
03/17/18,58.6,67.4,73.8,73.9375
03/18/18,63.6,67.6,63,75.0416666666667
03/19/18,60.1,67.4,67.5,69.9791666666667
03/20/18,59.5,64.5,63.2,66.9166666666667
03/21/18,60.9,70.9,74.6,71.0833333333333
03/22/18,54.6,59.8,64.8,70.1458333333333
03/23/18,57.8,66.2,64.4,73.6875
03/24/18,55.6,63.8,55.9,69.5
03/25/18,47.4,58.2,50.6,58.1875
03/26/18,47.2,63.3,58.4,64.75
03/27/18,53.6,63.6,59.2,64.0625
03/28/18,54.2,67.2,67.1,66.3333333333333
03/29/18,54.3,64.4,62.2,66
03/30/18,57.2,62.3,53.2,67.4583333333333
03/31/18,58.8,72.8,69.4,72.875
04/01/18,66.4,72.7,74,80.625
04/02/18,70,80.4,82.4,86.125
04/03/18,65.6,72.7,71.4,79.75
04/04/18,64.8,74.6,75.1,82.8333333333333
04/05/18,66.6,68.4,67.6,78.3541666666667
04/06/18,69.5,69.5,72.1,79.9583333333333
04/07/18,63.6,69.6,70,77.4166666666667
04/08/18,63.2,69.2,69.7,76.2083333333333
04/09/18,73.8,78.6,77,83.9583333333333
04/10/18,70.2,71.5,76.6,78.6666666666667
04/11/18,71,71.4,75.4,77.8125
04/12/18,64.2,69.4,67.6,76.2083333333333
04/13/18,67.7,74.8,73.8,77.1875
04/14/18,64.6,69.2,69.2,76.375
04/15/18,60.4,68.1,70.8,73.2916666666667
04/16/18,65.8,72.4,70,79.9791666666667
04/17/18,65.5,69.1,66.9,76.9166666666667
04/18/18,65.6,70,63.6,74.9583333333333
04/19/18,63.8,67.8,64.8,72.5
04/20/18,60,67,64.6,72.1666666666667
04/21/18,60.3,68.2,65.2,73.3333333333333
04/22/18,64.5,67.2,66,74.4375
04/23/18,67.2,75.8,67.6,82.3541666666667
04/24/18,62.6,71,68.8,76.8958333333333
04/25/18,58.8,63.4,61.8,70.8958333333333
04/26/18,53.6,58.8,68.4,66.5208333333333
04/27/18,56.2,65.3,70.6,70.6136363636364
04/28/18,53.6,67,68.8,71.8958333333333
04/29/18,75.3,81.4,75.2,83.3333333333333
04/30/18,72.6,75.3,73.8,85.25
05/01/18,64.4,67.2,69.5,77.7708333333333
05/02/18,69.4,71.4,71.2,93.7333333333333
05/03/18,57.5,64.2,58.7,#N/A
05/04/18,54.8,62,61.2,#N/A
05/05/18,61.1,69.2,69.6,#N/A
05/06/18,68.2,72.2,77.9,#N/A
05/07/18,72.8,73.6,78.6,#N/A
05/08/18,71.9,77.6,84.4,76.7307692307692
05/09/18,73.8,71.8,69.8,86.9787234042553
05/10/18,67.3,69.6,71.6,78.5869565217391
05/11/18,55.4,64,63.6,71.3125
05/12/18,56.1,67.8,67.4,74.3958333333333
05/13/18,80,73.6,69.8,85.7291666666667
05/14/18,75.8,77,74.1,83.7291666666667
05/15/18,77.4,84.6,78.2,86.4791666666667
05/16/18,62.9,68,65.6,73.0833333333333
05/17/18,57.2,64.2,64.2,70.3125
05/18/18,59.7,67.1,65.2,72.9166666666667
05/19/18,49.8,59.2,59,66.5416666666667
05/20/18,39.2,59,55.5,66.4791666666667
05/21/18,57,72.8,75,73.0416666666667
05/22/18,57.4,64.7,65.8,71.8541666666667
05/23/18,49.7,61.1,56.2,65.0833333333333
05/24/18,43.5,57.9,56.4,59.7291666666667
05/25/18,43.9,61.4,61.4,62.75
05/26/18,81.2,78.3,73.7,88.4375
05/27/18,62.1,65.4,68,75.3541666666667
05/28/18,53.9,73.1,78.4,79.3333333333333
05/29/18,65.6,78.4,86.9,83.2446808510638
05/30/18,84,87.5,79.5,89.6666666666667
05/31/18,76.1,73.8,71,84.6666666666667
06/01/18,63.1,64.4,73.2,79
06/02/18,66.2,72.6,74.6,80.4791666666667
06/03/18,65.9,69.2,70.8,79.7777777777778
06/04/18,70.8,72.2,73.4,81.6666666666667
06/05/18,59.4,77.1,83.1,79.7291666666667
06/06/18,64,69,71.7,77.6875
06/07/18,59.2,65,67.6,73.5416666666667
06/08/18,47.2,62.4,57.6,62.7291666666667
06/09/18,72.7,77.7,84.6,81.3125
06/10/18,75.8,84.2,83.2,90.5416666666667
06/11/18,88.2,83.9,88.8,91.936170212766
06/12/18,67.4,73,76.3,85.3541666666667
06/13/18,60,66.4,71.1,77.8958333333333
06/14/18,59,66.8,72.6,72.5416666666667
06/15/18,62.9,73.4,69.9,75.3333333333333
06/16/18,58.2,67,69.6,74.7708333333333
06/17/18,49.2,64.1,71.6,71.5416666666667
06/18/18,51.5,62.9,71,71.5625
06/19/18,85,96.4,91,95.2708333333333
06/20/18,71.5,95.3,89.6,91.3333333333333
06/21/18,64.6,67.8,70.3,81.875
06/22/18,69,77.8,73.6,79.8541666666667
06/23/18,65.3,70.2,72.8,80.7083333333333
06/24/18,79.4,77.7,84.2,88.0416666666667
06/25/18,77.8,77.2,81,88.2916666666667
06/26/18,76.2,80.2,83.3,86.6666666666667
06/27/18,66.9,69.9,73.6,78.5625
06/28/18,79.3,85,92.2,90.0416666666667
06/29/18,71.6,73.1,80.8,87.125
06/30/18,93.7,91,95.8,95.7083333333333
07/01/18,86.2,81.8,87.9,91.3333333333333
07/02/18,80.6,80.8,82.2,88.4583333333333
07/03/18,77.2,78,81.4,89.5
07/04/18,78.4,82.5,82.1,91.1333333333333
07/05/18,78.4,91.6,88.6,94.75
07/06/18,95.1,93.2,84.2,95.4
07/07/18,76.4,75.6,76.8,92.4375
07/08/18,68.5,72,77.8,82.5208333333333
07/09/18,62.4,68.4,81.2,82.8541666666667
07/10/18,96.2,89.9,89.5,94.6041666666667
07/11/18,79.2,78.7,78.8,84.9166666666667
07/12/18,69.8,72,75.5,82.2916666666667
07/13/18,58.6,63.2,71.5,73.6458333333333
07/14/18,76.7,84,78.9,88.8541666666667
07/15/18,84.5,85.3,80.1,88.1041666666667
07/16/18,69.4,74.7,74,79.75
07/17/18,72.9,80.8,74.4,80.2916666666667
07/18/18,69,69.6,68,76.4166666666667
07/19/18,69,69.2,64.8,77.5833333333333
07/20/18,54.8,60,64.9,68.9375
07/21/18,54.4,70.6,67.8,70.625
07/22/18,66,74.4,66.4,76.8958333333333
07/23/18,58.8,67,74.2,74.8541666666667
07/24/18,64.4,75.8,79.8,79.375
07/25/18,56.2,70.8,78.6,75.3541666666667
07/26/18,68.4,90.7,93.7,91.7916666666667
07/27/18,87.4,80.6,79.8,87.9583333333333
07/28/18,68.4,71.7,75.2,79.75
07/29/18,68.3,69.6,70,79.5625
07/30/18,60,69.3,68.2,75.1458333333333
07/31/18,56.4,69,72.6,74
08/01/18,64.6,75.1,78,78.8958333333333
08/02/18,88.8,85.8,86,91.3333333333333
08/03/18,61.9,68.9,73.2,77.7916666666667
08/04/18,59.7,70.8,72.2,75.375
08/05/18,58,69.8,66.6,69.2916666666667
08/06/18,65.4,73.5,79,75.875
08/07/18,69.4,69,73.3,79.5208333333333
08/08/18,59.4,63.9,67.7,69.9166666666667
08/09/18,51.2,66.8,71.8,69.125
08/10/18,58,69.1,73.2,74.2708333333333
08/11/18,67.3,73.6,72.3,80.4791666666667
08/12/18,72.3,73.6,77,83
08/13/18,68.4,67.2,71.1,74.0625
08/14/18,54,62.1,60.8,64.7708333333333
08/15/18,49.2,62.2,63.8,62.0416666666667
08/16/18,56.6,71.1,75.6,72.3125
08/17/18,71.4,79.3,77.6,83.3958333333333
08/18/18,69.4,75.3,61.1,77.1875
08/19/18,57.8,67,64.2,70.3541666666667
08/20/18,52.2,61,74.4,70.5208333333333
08/21/18,60.8,81.6,91.8,82.8333333333333
08/22/18,91.4,86.4,84.2,92.2708333333333
08/23/18,76.5,78.8,82.8,88.3125
08/24/18,62.2,68.4,64.8,76.6875
08/25/18,53.6,63.8,62.4,71.2916666666667
08/26/18,48.9,65.5,67.6,71.0625
08/27/18,83.6,90.8,84.2,92.7916666666667
08/28/18,73,78.6,74.4,85.9583333333333
08/29/18,61.5,85.1,80.6,87.7291666666667
08/30/18,70.4,78.9,69.8,81.5833333333333
08/31/18,83.6,80.6,81.9,86.7708333333333
09/01/18,67.7,73.4,71,79.5833333333333
09/02/18,55.8,66.5,69.3,67.8958333333333
09/03/18,50.6,59,60.8,61.4166666666667
09/04/18,52.4,63.2,65.5,69.5625
09/05/18,81.9,77.8,73.4,85
09/06/18,66,70.4,71.6,77.2916666666667
09/07/18,65.9,69.3,66.6,72.5416666666667
09/08/18,50,65,64.6,65.6875
09/09/18,51.4,67.8,67.8,64.625
09/10/18,49.9,62,60,62.6666666666667
09/11/18,49.7,64.2,61.8,67.4791666666667
09/12/18,55.5,67.4,68.2,69.3333333333333
09/13/18,62,72.4,74.5,75.5833333333333
09/14/18,82.6,88.2,85.2,88.8333333333333
09/15/18,89,83.5,83.4,90.5833333333333
09/16/18,69,69.5,74.2,77.75
09/17/18,70.4,77.2,79,77.3541666666667
09/18/18,77.9,73.7,80.9,81.2083333333333
09/19/18,80.2,76.2,72.7,83.1041666666667
09/20/18,77.5,67.4,68.8,82.0833333333333
09/21/18,58.8,64.2,61.8,67.4791666666667
09/22/18,73,72.4,78.2,75.3958333333333
09/23/18,69.1,70.4,70.1,75.9583333333333
09/24/18,65.8,71.5,65.6,74.25
09/25/18,66,68.3,68.4,75.1875
09/26/18,61.6,71,71.2,73.8085106382979
09/27/18,68.9,81,73.6,79.875
09/28/18,70.8,77.7,85.9,84.25
09/29/18,80.4,77.4,76.3,81.2291666666667
09/30/18,77.6,71.4,72.5,81.1041666666667
10/01/18,64.1,67.8,61.2,69.375
10/02/18,54.6,62.9,62.6,65.7555555555556
10/03/18,50.4,60,56.5,55.9166666666667
10/04/18,49.8,63.3,66,63.0833333333333
10/05/18,61,71,75.4,87.7142857142857
10/06/18,57.3,67.8,71.8,74.2083333333333
10/07/18,78.1,81,78.1,86.2916666666667
10/08/18,68.6,76.8,82.8,79.6041666666667
10/09/18,72.2,73,68.4,76
10/10/18,68.4,72.8,74.4,73.5833333333333
10/11/18,62.8,69.7,75,75.5
10/12/18,77.1,78.7,78.6,81.9375
10/13/18,70.7,70.7,68.4,74.25
10/14/18,67.4,70,69.4,72.7291666666667
10/15/18,64.8,74.3,75.8,75.7916666666667
10/16/18,82.7,80,77.6,84.7291666666667
10/17/18,71,70,68.2,75.7708333333333
10/18/18,64.6,67.1,69.1,70.4166666666667
10/19/18,67.8,69.6,69.8,70.4791666666667
10/20/18,66.4,69.1,68.5,72.2083333333333
10/21/18,61.6,63.4,54.2,62.8958333333333
10/22/18,50.9,57.9,52.3,53.3333333333333
10/23/18,60.4,67.2,72.1,69.75
10/24/18,64.2,66,64.8,67.6041666666667
10/25/18,66.8,68.2,65.3,67.1041666666667
10/26/18,60,63.9,58,64.3958333333333
10/27/18,62.5,58.2,56.8,59.3541666666667
10/28/18,66.8,68.2,68.2,69.2173913043478
10/29/18,70.4,70,74.6,77.4166666666667
10/30/18,71.6,68.4,73.4,76.6041666666667
10/31/18,61.8,67.6,70.6,70.1875
11/01/18,69.4,75,73.2,83.5625
11/02/18,66.2,66.8,74.9,68.4166666666667
11/03/18,64.6,69,74.2,72.6041666666667
11/04/18,62.7,64.2,63.8,71.5
11/05/18,58.5,61.2,62.6,65.2291666666667
11/06/18,54,59.2,52.4,56.6041666666667
11/07/18,51.1,60.3,57.7,56.7083333333333
11/08/18,60.3,64.7,64.2,58.9166666666667
11/09/18,53.8,59.8,62.7,57.9791666666667
11/10/18,59,66.8,75.8,68.1041666666667
11/11/18,64,66.8,67.6,67.5833333333333
11/12/18,67.5,62.4,64,68.0625
11/13/18,64.4,64.5,65.2,71.25
11/14/18,53.8,58.4,56.5,60.7916666666667
11/15/18,54.2,60.2,56.4,60.8541666666667
11/16/18,61.2,62.8,61,63.6875
11/17/18,60.7,64.1,66.4,64.0416666666667
11/18/18,49.7,57.2,52.5,57.25
11/19/18,41.7,59.6,48.1,53.5
11/20/18,56,60.6,53.4,55
11/21/18,59.6,65.7,65,63.4583333333333
11/22/18,63.3,68,66.6,67.9583333333333
11/23/18,51.1,62.1,58,61.1458333333333
11/24/18,45.1,54.2,45.6,51.0625
11/25/18,46.9,52.8,45.4,47.7083333333333
11/26/18,56.4,59.6,51.9,54.7708333333333
11/27/18,55.4,60.8,53,57.1875
11/28/18,63.8,71.6,72.4,68.7083333333333
11/29/18,69,71.7,71.2,76
11/30/18,67.1,69.4,67,70.5416666666667
12/01/18,61.6,66.3,69.8,66.1875
12/02/18,63.6,70,67.1,72.8541666666667
12/03/18,66.5,74.8,72.7,77.5
12/04/18,79.9,66,62.6,82.5208333333333
12/05/18,60.9,67.3,61,68.5208333333333
12/06/18,59.8,69,70.4,68.2083333333333
12/07/18,72.7,76.6,75.6,80.0625
12/08/18,63.8,61.2,62.8,70.8125
12/09/18,55.3,57.6,59,60.9791666666667
12/10/18,61,67.4,59.8,65.3125
12/11/18,57.2,63.2,60.2,66.3333333333333
12/12/18,55.4,64.3,53,63.9583333333333
12/13/18,64.6,66.2,63.3,66.4375
12/14/18,62,63.8,56,63.8333333333333
12/15/18,55.7,63,55.4,57.5
12/16/18,56.6,63,54.1,55.5208333333333
12/17/18,59.7,68,70.4,64.75
12/18/18,62,68,68.9,66.1875
12/19/18,66.7,69.6,66.2,68.8541666666667
12/20/18,54.4,61.9,64,66.1875
12/21/18,59.2,65.6,62.4,64.7291666666667
12/22/18,70,70.3,70.6,76.8541666666667
12/23/18,62.8,67.6,66.4,71.6458333333333
12/24/18,62.2,68.8,69.6,68.1666666666667
12/25/18,66.6,71.2,67.6,74.5
12/26/18,69.1,72.5,64.4,75.7916666666667
12/27/18,64.2,68.9,62.8,66.3333333333333
12/28/18,59.2,67.2,61.2,62.5
12/29/18,58.1,66.2,55,61.1875
12/30/18,47.3,60.4,50.7,56.5208333333333
12/31/18,57.2,61,51.3,54.5416666666667
01/01/19,55.2,60.2,52.1,55.1666666666667
01/02/19,40.7,55.8,44,53.1041666666667
01/03/19,49.6,53.1,40.1,45
01/04/19,54.8,63.8,66.8,62.1875
01/05/19,66.1,69.6,69.8,75.3541666666667
01/06/19,70.2,71.2,65.8,70.8958333333333
01/07/19,67.6,71.8,70.8,69.7708333333333
01/08/19,68.4,66.6,66.8,69.5
01/09/19,71.4,69,61.6,73.9791666666667
01/10/19,58.2,64.6,58,65.5625
01/11/19,62.2,65.4,61,63.125
01/12/19,64.3,69.8,67.6,66.1041666666667
01/13/19,63.2,65.2,62.8,68.9069767441861
01/14/19,64.1,69.5,65.2,69.75
01/15/19,54.8,64.8,61.3,64.9166666666667
01/16/19,60.5,63.7,52.7,62.2083333333333
01/17/19,53,63.6,58.4,62.5208333333333
01/18/19,52,63.1,62.6,59.4166666666667
01/19/19,61,70.7,69.8,74.6875
01/20/19,66.1,72,68.4,75.8541666666667
01/21/19,60.2,65.7,61.8,65.0833333333333
01/22/19,60,67,60.7,62.7291666666667
01/23/19,57.8,69.1,66.3,63.3333333333333
01/24/19,61.8,67.7,68.2,69.8958333333333
01/25/19,61,67.8,65.3,66.4166666666667
01/26/19,50.6,60.2,46.9,57.3333333333333
01/27/19,55.1,65.6,62.6,61.6875
01/28/19,55,63.8,58.5,59.6458333333333
01/29/19,59.6,69.4,72.1,67.375
01/30/19,63.6,68.2,70.4,68.6458333333333
01/31/19,56.2,63.3,59.4,61.4583333333333
02/01/19,55.1,64.6,66.8,62.4375
02/02/19,61.7,69.2,71.2,67.125
02/03/19,62,69.8,70.6,69.1666666666667
02/04/19,63.8,71.4,71.4,72.9375
02/05/19,64.1,72.8,73.4,74.6458333333333
02/06/19,64.9,73,75.2,73.375
02/07/19,61.6,70.2,72.2,73.3333333333333
02/08/19,62.1,67.1,64.4,69.1458333333333
02/09/19,58.4,65.7,67.1,65.0476190476191
02/10/19,56.4,62.6,66.6,66
02/11/19,64.6,71.4,65.4,73.9583333333333
02/12/19,60.1,67.2,64,76.3225806451613
02/13/19,58.6,64.6,63.6,#N/A
02/14/19,52.9,60.2,53.4,#N/A
02/15/19,61.4,72.6,74.2,76.25
02/16/19,70,68.6,70.2,79.9166666666667
02/17/19,66,70.2,69.5,75.1458333333333
02/18/19,65.4,75.8,74.6,79.1458333333333
02/19/19,65.4,71,70.3,77.8333333333333
02/20/19,67.5,74,77.1,78.7291666666667
02/21/19,72.2,73.6,72.6,80.8541666666667
02/22/19,65.8,68.8,63.8,74.3958333333333
02/23/19,55.4,63.2,52.4,67.0208333333333
02/24/19,47.9,61,48.4,60.2291666666667
02/25/19,48.8,59.6,52.9,58.8333333333333
02/26/19,51.4,61.2,56.2,58.2708333333333
02/27/19,52.8,63.2,61.5,59.7083333333333
02/28/19,59.2,69.4,69.6,70.2291666666667
03/01/19,58.3,64.4,60.4,68.75
03/02/19,58.4,68.7,69.8,68.2916666666667
03/03/19,62.6,66.2,68,70.6041666666667
03/04/19,56,64.3,55.6,66.25
03/05/19,54.2,58.6,49.8,59.8125
03/06/19,52.6,60.2,43.4,55.7708333333333
03/07/19,55.6,59.4,53.8,64.2291666666667
03/08/19,68.8,72.9,65.7,74.7708333333333
03/09/19,62.8,69.4,62.4,75.0416666666667
03/10/19,66.1,66,60.8,70.7083333333333
03/11/19,60.4,66.2,63.3,68.5833333333333
03/12/19,53,60.4,59,67.0208333333333
03/13/19,64.1,70.5,69.8,73.5833333333333
03/14/19,62.4,68.4,71,72.0208333333333
03/15/19,58.8,64.2,68.5,68.625
03/16/19,57,65.6,65.6,72.2708333333333
03/17/19,59.4,67.4,61,74.625
03/18/19,61.6,61.9,59.2,67.4791666666667
03/19/19,38.4,60.4,38.1,57.2291666666667
03/20/19,49.8,59.8,46.4,55.1875
03/21/19,53,57.5,50.8,58.0208333333333
03/22/19,48.6,58,46.8,57.9166666666667
03/23/19,52.9,63.8,56.2,63.5833333333333
03/24/19,56.4,65.9,61.6,66.2291666666667
03/25/19,60.2,68.8,73,70.6666666666667
03/26/19,60.2,72.9,74.8,75
03/27/19,66.6,78.4,81.6,83.8333333333333
03/28/19,67.4,70.6,70.9,81.4166666666667
03/29/19,69.9,72.8,66.9,81.6458333333333
03/30/19,72.2,82.9,82.4,84.1458333333333
03/31/19,74.2,75.6,76.8,82.375
04/01/19,65.4,70,68.2,77.75
04/02/19,61.2,70.2,69.4,74.9166666666667
04/03/19,77.2,82.2,83.4,87.8541666666667
04/04/19,65.4,71.6,70.9,80.5
04/05/19,57,63.2,61.7,70
04/06/19,54.4,60.9,56,66.4166666666667
04/07/19,48.2,61.2,58.4,63
04/08/19,65.8,74,69.5,81.0833333333333
04/09/19,82.4,85.8,81,88.625
04/10/19,59.1,67.9,65.3,71.5625
04/11/19,63.8,75.8,81.2,79.1666666666667
04/12/19,82.1,88,87.1,91.1666666666667
04/13/19,88,84.8,75.4,90.5
04/14/19,70.6,72.8,66.6,81.9791666666667
04/15/19,57.3,62.1,54.2,69.3125
04/16/19,45.7,61.4,50,63.1458333333333
04/17/19,49.7,61.4,54.8,62.6041666666667
04/18/19,64.9,79.2,78.2,82.0833333333333
04/19/19,82.4,85.2,84.8,90.4791666666667
04/20/19,71.2,72.8,67.9,82.1041666666667
04/21/19,67.8,71.6,70.5,80.3333333333333
04/22/19,70.2,72.8,71.2,82.4375
04/23/19,76.1,81.2,83.2,88.5416666666667
04/24/19,80,87.1,86.2,91.9583333333333
04/25/19,75.5,75.3,73.8,84.9166666666667
04/26/19,67.8,72.4,71.9,79.5625
04/27/19,63.6,71.4,67,77.375
04/28/19,59.6,67.9,63,72.9791666666667
04/29/19,53.4,69.4,56.1,72.5625
04/30/19,56.3,66,57.3,69.2916666666667
05/01/19,46.3,59.5,49.6,65.2083333333333
05/02/19,44.3,56.2,53.3,65.2291666666667
05/03/19,62.4,68.4,78.4,75.6666666666667
05/04/19,69.7,76.2,82.5,85.2291666666667
05/05/19,75.2,77.6,73.2,84.625
05/06/19,66.5,74.9,73.6,83.1458333333333
05/07/19,75,83.6,86.4,88.0833333333333
05/08/19,91.4,92.3,84.8,94.7708333333333
05/09/19,73.8,71.4,70.4,83.2708333333333
05/10/19,64.3,70.1,65.4,93.8958333333333
05/11/19,58.9,66.2,60,77.75
05/12/19,54.8,62.6,66.4,69.2916666666667
05/13/19,51.6,61.6,66.6,69.4791666666667
05/14/19,47.9,67,70.8,71.0416666666667
05/15/19,59.9,82.1,89.8,83.3958333333333
05/16/19,83.9,83.6,75.6,91.7708333333333
05/17/19,75.2,76.3,77.6,85.5625
05/18/19,68.8,72.2,75.4,78.5416666666667
05/19/19,66.6,79.6,74.2,84.0833333333333
05/20/19,70.5,66.2,73.2,81.0416666666667
05/21/19,66.6,69,73.6,78.7291666666667
05/22/19,56.8,66.7,65.6,74.125
05/23/19,47,60.2,60.6,65
05/24/19,40.8,61.2,64.6,63
05/25/19,57.5,68.1,77.4,71.6041666666667
05/26/19,68.7,71.4,71.3,78.5
05/27/19,62.7,68.6,75.8,75.2291666666667
05/28/19,59.9,65.4,70.7,72.7916666666667
05/29/19,63.8,63.8,81.8,72.6875
05/30/19,71.8,79.6,82.7,87.3541666666667
05/31/19,75.4,72.8,77.2,83.8541666666667
06/01/19,70.2,74.6,73,84.6458333333333
06/02/19,58.5,65,66.1,76.5
06/03/19,48.8,63.1,68.4,68.625
06/04/19,52,67.4,74,74.4583333333333
06/05/19,57.4,66,74.2,78.6666666666667
06/06/19,69.2,72,76,82.3125
06/07/19,60.6,67.8,69.6,76.4583333333333
06/08/19,54.4,62.7,68.7,72.0208333333333
06/09/19,46,61,65,66.2083333333333
06/10/19,49,65.8,68.6,69.25
06/11/19,75,75.6,84.9,80.6666666666667
06/12/19,63.2,69.8,76.7,78.3958333333333
06/13/19,83.4,84.6,83.2,90.2083333333333
06/14/19,80,89.8,89.6,92.2291666666667
06/15/19,74.5,70.3,75.5,81.7916666666667
06/16/19,66.2,70,73.8,81.1458333333333
06/17/19,72.9,79.2,81.8,85.3125
06/18/19,66.6,68.1,72.2,81.4390243902439
06/19/19,53.8,66.8,68.4,#N/A
06/20/19,58.9,75.7,84.2,74.7307692307692
06/21/19,74.8,76.4,72.8,87.2916666666667
06/22/19,58.2,68.4,70.6,79.5
06/23/19,63.8,74.8,76.8,81.4791666666667
06/24/19,80.5,86.4,92.4,89.5111111111111
06/25/19,60.2,67.1,68.8,82.5833333333333
06/26/19,69.3,74.2,66.9,82.8541666666667
06/27/19,69.4,78.8,78.2,86.1666666666667
06/28/19,75.8,79.4,78.8,88.5833333333333
06/29/19,86.2,85.6,92.8,93.8333333333333
06/30/19,74.4,77.5,85.3,90.4791666666667
07/01/19,60.6,68.4,76.2,82.6875
07/02/19,57,67.9,68.4,79.0625
07/03/19,60,67.6,71.9,78.6875
07/04/19,68.8,72.8,73.4,81.8958333333333
07/05/19,57.8,64,72.2,74.5416666666667
07/06/19,76.2,81.4,86.8,86.4375
07/07/19,84.2,82.6,80.6,89.2291666666667
07/08/19,80.7,81,82.8,89.875
07/09/19,74.4,78.6,78.4,86.8958333333333
07/10/19,77.9,81.6,97.2,91.0625
07/11/19,71.9,76.2,86,87
07/12/19,72.6,77.2,82.9,87.4791666666667
07/13/19,67.2,73.5,74.7,82.6458333333333
07/14/19,63,68.6,75.6,78.875
07/15/19,54.8,63.6,69.4,72.875
07/16/19,53.8,69.1,71.8,73.7916666666667
07/17/19,75,80.8,80.2,86.6666666666667
07/18/19,65.6,71.4,76.8,80.6041666666667
07/19/19,61.8,71.6,73.4,78.7083333333333
07/20/19,48.6,67.2,73.2,75.9791666666667
07/21/19,84.4,85.2,80.6,93.3541666666667
07/22/19,70,75,74.7,85.75
07/23/19,68.8,71.8,74.7,81.3541666666667
07/24/19,63.4,72,78,81.9583333333333
07/25/19,72.4,73.4,76.1,82.7291666666667
07/26/19,64.8,71.2,73.7,80.5
07/27/19,70.4,74,70.9,81.625
07/28/19,67.8,78.8,82,82.9375
07/29/19,69.6,69.4,77.8,81.0416666666667
07/30/19,62.1,64.6,71.6,74.7916666666667
07/31/19,78.4,79.2,74.8,86.9166666666667
08/01/19,63.2,68.7,71.2,74.5
08/02/19,58.3,60.7,62,71.2916666666667
08/03/19,48.9,59.2,68.2,63.7916666666667
08/04/19,45.5,57.5,65.4,61.9583333333333
08/05/19,71.1,83,82.7,87.6666666666667
08/06/19,81.2,82.8,73.6,84.7083333333333
08/07/19,64.4,71.2,68.9,79.0625
08/08/19,60.2,70.6,73.8,75.375
08/09/19,64.6,69.9,70,76.7291666666667
08/10/19,58.3,67.8,71.9,71.4583333333333
08/11/19,67.6,67.5,73.8,74.2083333333333
08/12/19,58.4,63.4,64.7,70.1041666666667
08/13/19,47.8,58.4,63.4,56.7916666666667
08/14/19,52.8,61.6,80.2,67.8958333333333
08/15/19,84.7,84,82.6,91.5
08/16/19,77.6,76,81.4,85.3541666666667
08/17/19,67.4,70.7,72.9,79.75
08/18/19,77.2,80.9,82.4,87.1041666666667
08/19/19,69.8,75.5,81.9,83.0833333333333
08/20/19,43.2,58.6,64,59.2916666666667
08/21/19,72.2,78,78,80.375
08/22/19,54.8,58,69.4,65.0625
08/23/19,47.5,61.9,62.4,63.2708333333333
08/24/19,50.2,63,60.5,62.9583333333333
08/25/19,52.4,66,71.2,68.5
08/26/19,56.3,64.1,63.8,70.0833333333333
08/27/19,52,60.6,64.4,62.7083333333333
08/28/19,49.2,63,68.4,62.2291666666667
08/29/19,67.9,75.4,74.4,79.8333333333333
08/30/19,52.3,67.5,63.6,68.7708333333333
08/31/19,48.1,63.2,60.2,61.375
09/01/19,43.7,63.6,57.1,56.4166666666667
09/02/19,44.9,60.4,58,56.8125
09/03/19,37.6,59.2,54.9,53.0416666666667
09/04/19,50.5,57.8,73,63.6666666666667
09/05/19,60.3,57.2,61.4,67.2291666666667
09/06/19,67.6,67.9,70.5,76.5416666666667
09/07/19,73.6,71.6,76.8,77.3541666666667
09/08/19,72.6,70.6,68.1,73.6458333333333
09/09/19,71,70.2,69.7,75.7083333333333
09/10/19,66.6,69.4,73.4,76.875
09/11/19,59.8,62.6,64.8,68.75
09/12/19,51.2,58.4,58.2,61.2307692307692
09/13/19,54.6,67.4,72.7,64.2291666666667
09/14/19,75.4,67.2,72.2,82.0416666666667
09/15/19,65.8,63.7,72,72.4791666666667
09/16/19,57.2,67,63,64.7291666666667
09/17/19,64.4,70.9,69.6,70.625
09/18/19,65,70.2,67.5,72.7291666666667
09/19/19,60.6,66.4,60.4,72.4583333333333
09/20/19,46,59.4,52.6,56.6875
09/21/19,38.2,53.2,50.5,48.1875
09/22/19,49.6,64.3,69.8,58.7708333333333
09/23/19,66.7,69.9,70.1,76
09/24/19,60,69.8,75.8,78.2105263157895
09/25/19,59.6,72,79.8,77.8333333333333
09/26/19,71,79.3,84.8,85.3541666666667
09/27/19,61.4,63.1,71.4,73.0416666666667
09/28/19,57.8,64.4,64.1,68.5
09/29/19,67.5,77.4,88.6,81.4583333333333
09/30/19,76.4,78.6,77.5,79.4791666666667
10/01/19,68.2,58,66.9,66.8125
10/02/19,61.8,60.3,62,62.75
10/03/19,57.6,60.8,63.6,62.375
10/04/19,54.6,60.3,57,61.3541666666667
10/05/19,45.7,60.1,52.6,56.2083333333333
10/06/19,48.6,58.4,53.2,52.3541666666667
10/07/19,44,61.6,59.4,58.8333333333333
10/08/19,49.6,55,45.2,47.8541666666667
10/09/19,40.9,46.8,38.8,43.3333333333333
10/10/19,39.2,51.3,58.4,51.8333333333333
10/11/19,61.2,71.6,77.9,70.2916666666667
10/12/19,76,76.3,73,81.2291666666667
10/13/19,57.4,63.8,61.5,61.55
10/14/19,66.6,69.5,68.2,77.125
10/15/19,59.2,66.2,66.2,66.3958333333333
10/16/19,71,74.5,71,73.5833333333333
10/17/19,52.2,58,53.7,63.3125
10/18/19,54.4,63.6,58.9,64.375
10/19/19,69.7,75.6,75.8,76.125
10/20/19,56.8,57.8,58.6,65.4375
10/21/19,52.2,58.4,53.3,58.4791666666667
10/22/19,44.4,56.5,45.9,49.4375
10/23/19,46.9,65,70,63.25
10/24/19,56.6,66.1,63.6,67.6666666666667
10/25/19,49.4,57.7,55.9,58.5555555555556
10/26/19,52,60.1,65.2,64.8958333333333
10/27/19,72.1,65.8,70.1,77.5416666666667
10/28/19,57.4,60.6,61.2,59.4166666666667
10/29/19,53.8,62,61.2,57.8333333333333
10/30/19,48.2,60,51.4,55.2708333333333
10/31/19,55.4,67.6,63.4,62.1041666666667
11/01/19,54.6,57,64.8,64.3541666666667
11/02/19,47.4,60.4,51.8,60.2083333333333
11/03/19,58.4,69.6,67,67.0208333333333
11/04/19,67,67.6,56.8,72.125
11/05/19,47.8,63,53.7,60.8333333333333
11/06/19,52,60.4,53.6,55.0625
11/07/19,37.6,55.6,43.8,48.9375
11/08/19,52.6,64.3,66.8,61.804347826087
11/09/19,49.5,57.6,53.1,54.1875
11/10/19,48.1,59.2,58,58.4791666666667
11/11/19,64.4,74.4,77,75.6875
11/12/19,62,70.8,74,73.4791666666667
11/13/19,61.8,69.4,68.5,71.625
11/14/19,54.4,58.2,52.6,58.75
11/15/19,41.4,57.7,46.8,52.7083333333333
11/16/19,47.8,64.6,45.9,56.6458333333333
11/17/19,55.5,60.5,50.6,57.625
11/18/19,42.8,54,43,51.5833333333333
11/19/19,47.8,56.1,49.8,52.0208333333333
11/20/19,47.6,57.8,50.6,56.7083333333333
11/21/19,56.2,69.6,69,67.4583333333333
11/22/19,63.1,70.3,71.9,70.25
11/23/19,68.8,70.7,67.1,68
11/24/19,61.8,58.8,60.6,64
11/25/19,60,57.1,57.1,67.5
11/26/19,41.4,57.8,44.6,53.4375
11/27/19,40.1,53.2,41.4,49.2916666666667
11/28/19,43.8,58,46.1,49.8125
11/29/19,45.8,54.6,51.7,53.1458333333333
11/30/19,47.6,57.8,43,51.8125
12/01/19,52.5,67.3,71.4,61.2916666666667
12/02/19,62.8,68.8,62.2,70.5416666666667
12/03/19,42.3,61.2,45.4,59.6808510638298
12/04/19,45.8,60.4,51.4,53.6808510638298
12/05/19,45.1,59.2,50.4,49.9583333333333
12/06/19,53,68,69.2,63.2083333333333
12/07/19,61.3,68.5,64.3,71.3541666666667
12/08/19,60.2,68.6,63.7,70.3125
12/09/19,60.9,70.6,66.5,74.2083333333333
12/10/19,63,71.7,67.2,73.7083333333333
12/11/19,59.7,65.7,57,65.5833333333333
12/12/19,39.2,54.8,42.8,50.7708333333333
12/13/19,44.6,53.8,41.1,48.9583333333333
12/14/19,57.8,59.1,47.4,63.2916666666667
12/15/19,55.6,60.4,45.6,54.8541666666667
12/16/19,42,60.2,48,53.9791666666667
12/17/19,47.6,58.4,44.3,51.4166666666667
12/18/19,39.4,56.7,43.2,52.1041666666667
12/19/19,55.2,60.6,59.2,59.8333333333333
12/20/19,50,61.4,49.4,59.8541666666667
12/21/19,46.6,53.2,39.8,49.7708333333333
12/22/19,45.8,56.4,46.9,51.1875
12/23/19,40.3,54.2,43.1,52
12/24/19,56.1,62.5,61.8,62.8541666666667
12/25/19,49.9,65.2,48.2,59.4375
12/26/19,51.5,61.4,49.4,51.1818181818182
12/27/19,46,58.1,46.4,52.8541666666667
12/28/19,49.5,56.8,43.4,53.625
12/29/19,55.8,66.2,59.4,61.0833333333333
12/30/19,57.2,62,55,58.1041666666667
12/31/19,48.2,65.4,65.9,58.1458333333333
